County,State,Metro,Date,ZHVI
Santa Clara County,CA,"San Jose-Sunnyvale-Santa Clara, CA",2010-01-31,535805.6834
Santa Clara County,CA,"San Jose-Sunnyvale-Santa Clara, CA",2010-02-28,537902.9824
Santa Clara County,CA,"San Jose-Sunnyvale-Santa Clara, CA",2010-03-31,546661.65
Santa Clara County,CA,"San Jose-Sunnyvale-Santa Clara, CA",2010-04-30,550643.2032
Santa Clara County,CA,"San Jose-Sunnyvale-Santa Clara, CA",2010-05-31,552618.645
Santa Clara County,CA,"San Jose-Sunnyvale-Santa Clara, CA",2010-06-30,547291.3812
Santa Clara County,CA,"San Jose-Sunnyvale-Santa Clara, CA",2010-07-31,540699.4788
Santa Clara County,CA,"San Jose-Sunnyvale-Santa Clara, CA",2010-08-31,536554.2388
Santa Clara County,CA,"San Jose-Sunnyvale-Santa Clara, CA",2010-09-30,534914.745
Santa Clara County,CA,"San Jose-Sunnyvale-Santa Clara, CA",2010-10-31,533853.0557
Santa Clara County,CA,"San Jose-Sunnyvale-Santa Clara, CA",2010-11-30,530315.17
Santa Clara County,CA,"San Jose-Sunnyvale-Santa Clara, CA",2010-12-31,525075.8686
Santa Clara County,CA,"San Jose-Sunnyvale-Santa Clara, CA",2011-01-31,522316.9802
Santa Clara County,CA,"San Jose-Sunnyvale-Santa Clara, CA",2011-02-28,518501.2829
Santa Clara County,CA,"San Jose-Sunnyvale-Santa Clara, CA",2011-03-31,516427.6283
Santa Clara County,CA,"San Jose-Sunnyvale-Santa Clara, CA",2011-04-30,513625.4281
Santa Clara County,CA,"San Jose-Sunnyvale-Santa Clara, CA",2011-05-31,509338.5738
Santa Clara County,CA,"San Jose-Sunnyvale-Santa Clara, CA",2011-06-30,508847.0686
Santa Clara County,CA,"San Jose-Sunnyvale-Santa Clara, CA",2011-07-31,507867.2078
Santa Clara County,CA,"San Jose-Sunnyvale-Santa Clara, CA",2011-08-31,509266.6376
Santa Clara County,CA,"San Jose-Sunnyvale-Santa Clara, CA",2011-09-30,504425.5233
Santa Clara County,CA,"San Jose-Sunnyvale-Santa Clara, CA",2011-10-31,498590.8793
Santa Clara County,CA,"San Jose-Sunnyvale-Santa Clara, CA",2011-11-30,497515.4438
Santa Clara County,CA,"San Jose-Sunnyvale-Santa Clara, CA",2011-12-31,497168.6122
Santa Clara County,CA,"San Jose-Sunnyvale-Santa Clara, CA",2012-01-31,498229.486
Santa Clara County,CA,"San Jose-Sunnyvale-Santa Clara, CA",2012-02-29,498414.4472
Santa Clara County,CA,"San Jose-Sunnyvale-Santa Clara, CA",2012-03-31,502540.8694
Santa Clara County,CA,"San Jose-Sunnyvale-Santa Clara, CA",2012-04-30,509216.7639
Santa Clara County,CA,"San Jose-Sunnyvale-Santa Clara, CA",2012-05-31,515417.0976
Santa Clara County,CA,"San Jose-Sunnyvale-Santa Clara, CA",2012-06-30,522218.8607
Santa Clara County,CA,"San Jose-Sunnyvale-Santa Clara, CA",2012-07-31,532540.9686
Santa Clara County,CA,"San Jose-Sunnyvale-Santa Clara, CA",2012-08-31,547015.661
Santa Clara County,CA,"San Jose-Sunnyvale-Santa Clara, CA",2012-09-30,563918.1751
Santa Clara County,CA,"San Jose-Sunnyvale-Santa Clara, CA",2012-10-31,580767.7486
Santa Clara County,CA,"San Jose-Sunnyvale-Santa Clara, CA",2012-11-30,597036.6729
Santa Clara County,CA,"San Jose-Sunnyvale-Santa Clara, CA",2012-12-31,612399.9298
Santa Clara County,CA,"San Jose-Sunnyvale-Santa Clara, CA",2013-01-31,624619.2011
Santa Clara County,CA,"San Jose-Sunnyvale-Santa Clara, CA",2013-02-28,631759.1003
Santa Clara County,CA,"San Jose-Sunnyvale-Santa Clara, CA",2013-03-31,634711.7788
Santa Clara County,CA,"San Jose-Sunnyvale-Santa Clara, CA",2013-04-30,636864.185
Santa Clara County,CA,"San Jose-Sunnyvale-Santa Clara, CA",2013-05-31,641548.1542
Santa Clara County,CA,"San Jose-Sunnyvale-Santa Clara, CA",2013-06-30,649270.0029
Santa Clara County,CA,"San Jose-Sunnyvale-Santa Clara, CA",2013-07-31,660817.1682
Santa Clara County,CA,"San Jose-Sunnyvale-Santa Clara, CA",2013-08-31,673190.6957
Santa Clara County,CA,"San Jose-Sunnyvale-Santa Clara, CA",2013-09-30,685990.3188
Santa Clara County,CA,"San Jose-Sunnyvale-Santa Clara, CA",2013-10-31,697485.6022
Santa Clara County,CA,"San Jose-Sunnyvale-Santa Clara, CA",2013-11-30,708808.4056
Santa Clara County,CA,"San Jose-Sunnyvale-Santa Clara, CA",2013-12-31,719705.9059
Santa Clara County,CA,"San Jose-Sunnyvale-Santa Clara, CA",2014-01-31,728114.9222
Santa Clara County,CA,"San Jose-Sunnyvale-Santa Clara, CA",2014-02-28,732783.4021
Santa Clara County,CA,"San Jose-Sunnyvale-Santa Clara, CA",2014-03-31,734552.1606
Santa Clara County,CA,"San Jose-Sunnyvale-Santa Clara, CA",2014-04-30,735976.2991
Santa Clara County,CA,"San Jose-Sunnyvale-Santa Clara, CA",2014-05-31,738042.6094
Santa Clara County,CA,"San Jose-Sunnyvale-Santa Clara, CA",2014-06-30,740087.3239
Santa Clara County,CA,"San Jose-Sunnyvale-Santa Clara, CA",2014-07-31,744683.5153
Santa Clara County,CA,"San Jose-Sunnyvale-Santa Clara, CA",2014-08-31,751967.9829
Santa Clara County,CA,"San Jose-Sunnyvale-Santa Clara, CA",2014-09-30,763101.757
Santa Clara County,CA,"San Jose-Sunnyvale-Santa Clara, CA",2014-10-31,775505.8952
Santa Clara County,CA,"San Jose-Sunnyvale-Santa Clara, CA",2014-11-30,790272.0899
Santa Clara County,CA,"San Jose-Sunnyvale-Santa Clara, CA",2014-12-31,805171.2971
Santa Clara County,CA,"San Jose-Sunnyvale-Santa Clara, CA",2015-01-31,818402.2313
Santa Clara County,CA,"San Jose-Sunnyvale-Santa Clara, CA",2015-02-28,828461.4122
Santa Clara County,CA,"San Jose-Sunnyvale-Santa Clara, CA",2015-03-31,834410.9831
Santa Clara County,CA,"San Jose-Sunnyvale-Santa Clara, CA",2015-04-30,837207.0067
Santa Clara County,CA,"San Jose-Sunnyvale-Santa Clara, CA",2015-05-31,840103.2496
Santa Clara County,CA,"San Jose-Sunnyvale-Santa Clara, CA",2015-06-30,845195.2263
Santa Clara County,CA,"San Jose-Sunnyvale-Santa Clara, CA",2015-07-31,854965.6277
Santa Clara County,CA,"San Jose-Sunnyvale-Santa Clara, CA",2015-08-31,867872.9736
Santa Clara County,CA,"San Jose-Sunnyvale-Santa Clara, CA",2015-09-30,884500.2408
Santa Clara County,CA,"San Jose-Sunnyvale-Santa Clara, CA",2015-10-31,900814.8785
Santa Clara County,CA,"San Jose-Sunnyvale-Santa Clara, CA",2015-11-30,914530.9987
Santa Clara County,CA,"San Jose-Sunnyvale-Santa Clara, CA",2015-12-31,925524.4177
Santa Clara County,CA,"San Jose-Sunnyvale-Santa Clara, CA",2016-01-31,935676.6383
Santa Clara County,CA,"San Jose-Sunnyvale-Santa Clara, CA",2016-02-29,945490.3432
Santa Clara County,CA,"San Jose-Sunnyvale-Santa Clara, CA",2016-03-31,949636.0703
Santa Clara County,CA,"San Jose-Sunnyvale-Santa Clara, CA",2016-04-30,948490.8619
Santa Clara County,CA,"San Jose-Sunnyvale-Santa Clara, CA",2016-05-31,943043.6795
Santa Clara County,CA,"San Jose-Sunnyvale-Santa Clara, CA",2016-06-30,937412.4089
Santa Clara County,CA,"San Jose-Sunnyvale-Santa Clara, CA",2016-07-31,928299.4133
Santa Clara County,CA,"San Jose-Sunnyvale-Santa Clara, CA",2016-08-31,916332.8982
Santa Clara County,CA,"San Jose-Sunnyvale-Santa Clara, CA",2016-09-30,903594.6007
Santa Clara County,CA,"San Jose-Sunnyvale-Santa Clara, CA",2016-10-31,895555.3962
Santa Clara County,CA,"San Jose-Sunnyvale-Santa Clara, CA",2016-11-30,892231.8233
Santa Clara County,CA,"San Jose-Sunnyvale-Santa Clara, CA",2016-12-31,893371.3616
Santa Clara County,CA,"San Jose-Sunnyvale-Santa Clara, CA",2017-01-31,901167.4947
Santa Clara County,CA,"San Jose-Sunnyvale-Santa Clara, CA",2017-02-28,915239.3176
Santa Clara County,CA,"San Jose-Sunnyvale-Santa Clara, CA",2017-03-31,932371.7864
Santa Clara County,CA,"San Jose-Sunnyvale-Santa Clara, CA",2017-04-30,946952.7705
Santa Clara County,CA,"San Jose-Sunnyvale-Santa Clara, CA",2017-05-31,957738.2268
Santa Clara County,CA,"San Jose-Sunnyvale-Santa Clara, CA",2017-06-30,967843.4661
Santa Clara County,CA,"San Jose-Sunnyvale-Santa Clara, CA",2017-07-31,970213.7983
Santa Clara County,CA,"San Jose-Sunnyvale-Santa Clara, CA",2017-08-31,967137.7281
Santa Clara County,CA,"San Jose-Sunnyvale-Santa Clara, CA",2017-09-30,961658.5197
Santa Clara County,CA,"San Jose-Sunnyvale-Santa Clara, CA",2017-10-31,963482.4527
Santa Clara County,CA,"San Jose-Sunnyvale-Santa Clara, CA",2017-11-30,968506.5661
Santa Clara County,CA,"San Jose-Sunnyvale-Santa Clara, CA",2017-12-31,978447.3112
Santa Clara County,CA,"San Jose-Sunnyvale-Santa Clara, CA",2018-01-31,998909.6595
Santa Clara County,CA,"San Jose-Sunnyvale-Santa Clara, CA",2018-02-28,1035724.821
Santa Clara County,CA,"San Jose-Sunnyvale-Santa Clara, CA",2018-03-31,1081311.636
Santa Clara County,CA,"San Jose-Sunnyvale-Santa Clara, CA",2018-04-30,1128779.498
Santa Clara County,CA,"San Jose-Sunnyvale-Santa Clara, CA",2018-05-31,1169795.181
Santa Clara County,CA,"San Jose-Sunnyvale-Santa Clara, CA",2018-06-30,1199792.796
Santa Clara County,CA,"San Jose-Sunnyvale-Santa Clara, CA",2018-07-31,1219913.966
Santa Clara County,CA,"San Jose-Sunnyvale-Santa Clara, CA",2018-08-31,1234659.772
Santa Clara County,CA,"San Jose-Sunnyvale-Santa Clara, CA",2018-09-30,1248288.224
Santa Clara County,CA,"San Jose-Sunnyvale-Santa Clara, CA",2018-10-31,1258727.384
Santa Clara County,CA,"San Jose-Sunnyvale-Santa Clara, CA",2018-11-30,1263545.994
Santa Clara County,CA,"San Jose-Sunnyvale-Santa Clara, CA",2018-12-31,1262484.771
Santa Clara County,CA,"San Jose-Sunnyvale-Santa Clara, CA",2019-01-31,1251737.366
Santa Clara County,CA,"San Jose-Sunnyvale-Santa Clara, CA",2019-02-28,1232499.028
Santa Clara County,CA,"San Jose-Sunnyvale-Santa Clara, CA",2019-03-31,1209359.585
Santa Clara County,CA,"San Jose-Sunnyvale-Santa Clara, CA",2019-04-30,1188093.8
Santa Clara County,CA,"San Jose-Sunnyvale-Santa Clara, CA",2019-05-31,1171909.343
Santa Clara County,CA,"San Jose-Sunnyvale-Santa Clara, CA",2019-06-30,1157987.266
Santa Clara County,CA,"San Jose-Sunnyvale-Santa Clara, CA",2019-07-31,1150399.966
Santa Clara County,CA,"San Jose-Sunnyvale-Santa Clara, CA",2019-08-31,1147328.078
Santa Clara County,CA,"San Jose-Sunnyvale-Santa Clara, CA",2019-09-30,1150447.76
Santa Clara County,CA,"San Jose-Sunnyvale-Santa Clara, CA",2019-10-31,1153515.685
Santa Clara County,CA,"San Jose-Sunnyvale-Santa Clara, CA",2019-11-30,1156979.979
Santa Clara County,CA,"San Jose-Sunnyvale-Santa Clara, CA",2019-12-31,1160869.276
Santa Clara County,CA,"San Jose-Sunnyvale-Santa Clara, CA",2020-01-31,1168514.371
Santa Clara County,CA,"San Jose-Sunnyvale-Santa Clara, CA",2020-02-29,1179247.644
Santa Clara County,CA,"San Jose-Sunnyvale-Santa Clara, CA",2020-03-31,1190631.381
Santa Clara County,CA,"San Jose-Sunnyvale-Santa Clara, CA",2020-04-30,1194981.406
Santa Clara County,CA,"San Jose-Sunnyvale-Santa Clara, CA",2020-05-31,1189139.842
Santa Clara County,CA,"San Jose-Sunnyvale-Santa Clara, CA",2020-06-30,1176734.443
Santa Clara County,CA,"San Jose-Sunnyvale-Santa Clara, CA",2020-07-31,1168430.089
Santa Clara County,CA,"San Jose-Sunnyvale-Santa Clara, CA",2020-08-31,1171240.364
Santa Clara County,CA,"San Jose-Sunnyvale-Santa Clara, CA",2020-09-30,1186769.834
Santa Clara County,CA,"San Jose-Sunnyvale-Santa Clara, CA",2020-10-31,1208604.119
Santa Clara County,CA,"San Jose-Sunnyvale-Santa Clara, CA",2020-11-30,1235368.184
Santa Clara County,CA,"San Jose-Sunnyvale-Santa Clara, CA",2020-12-31,1260867.43
Santa Clara County,CA,"San Jose-Sunnyvale-Santa Clara, CA",2021-01-31,1279741.257
Santa Clara County,CA,"San Jose-Sunnyvale-Santa Clara, CA",2021-02-28,1291148.915
Santa Clara County,CA,"San Jose-Sunnyvale-Santa Clara, CA",2021-03-31,1298703.636
Santa Clara County,CA,"San Jose-Sunnyvale-Santa Clara, CA",2021-04-30,1312259.4
Santa Clara County,CA,"San Jose-Sunnyvale-Santa Clara, CA",2021-05-31,1331119.161
Santa Clara County,CA,"San Jose-Sunnyvale-Santa Clara, CA",2021-06-30,1352305.222
Santa Clara County,CA,"San Jose-Sunnyvale-Santa Clara, CA",2021-07-31,1371151.95
Santa Clara County,CA,"San Jose-Sunnyvale-Santa Clara, CA",2021-08-31,1385356.39
Santa Clara County,CA,"San Jose-Sunnyvale-Santa Clara, CA",2021-09-30,1396906.577
Santa Clara County,CA,"San Jose-Sunnyvale-Santa Clara, CA",2021-10-31,1408380.992
Santa Clara County,CA,"San Jose-Sunnyvale-Santa Clara, CA",2021-11-30,1424026.465
Santa Clara County,CA,"San Jose-Sunnyvale-Santa Clara, CA",2021-12-31,1446554.719
Santa Clara County,CA,"San Jose-Sunnyvale-Santa Clara, CA",2022-01-31,1480621.633
Santa Clara County,CA,"San Jose-Sunnyvale-Santa Clara, CA",2022-02-28,1523216.312
Santa Clara County,CA,"San Jose-Sunnyvale-Santa Clara, CA",2022-03-31,1569103.528
Santa Clara County,CA,"San Jose-Sunnyvale-Santa Clara, CA",2022-04-30,1604830.989
Santa Clara County,CA,"San Jose-Sunnyvale-Santa Clara, CA",2022-05-31,1625590.942
Santa Clara County,CA,"San Jose-Sunnyvale-Santa Clara, CA",2022-06-30,1625051.197
Santa Clara County,CA,"San Jose-Sunnyvale-Santa Clara, CA",2022-07-31,1606086.235
Santa Clara County,CA,"San Jose-Sunnyvale-Santa Clara, CA",2022-08-31,1572612.932
Santa Clara County,CA,"San Jose-Sunnyvale-Santa Clara, CA",2022-09-30,1536576.433
Santa Clara County,CA,"San Jose-Sunnyvale-Santa Clara, CA",2022-10-31,1508928.166
Santa Clara County,CA,"San Jose-Sunnyvale-Santa Clara, CA",2022-11-30,1494914.845
Santa Clara County,CA,"San Jose-Sunnyvale-Santa Clara, CA",2022-12-31,1490378.755
Santa Clara County,CA,"San Jose-Sunnyvale-Santa Clara, CA",2023-01-31,1480038.445
Santa Clara County,CA,"San Jose-Sunnyvale-Santa Clara, CA",2023-02-28,1461770.104
Santa Clara County,CA,"San Jose-Sunnyvale-Santa Clara, CA",2023-03-31,1440373.234
Santa Clara County,CA,"San Jose-Sunnyvale-Santa Clara, CA",2023-04-30,1428882.26
Santa Clara County,CA,"San Jose-Sunnyvale-Santa Clara, CA",2023-05-31,1428827.854
Santa Clara County,CA,"San Jose-Sunnyvale-Santa Clara, CA",2023-06-30,1438458.582
Santa Clara County,CA,"San Jose-Sunnyvale-Santa Clara, CA",2023-07-31,1458602.758
Santa Clara County,CA,"San Jose-Sunnyvale-Santa Clara, CA",2023-08-31,1485011.735
Santa Clara County,CA,"San Jose-Sunnyvale-Santa Clara, CA",2023-09-30,1513858.402
Santa Clara County,CA,"San Jose-Sunnyvale-Santa Clara, CA",2023-10-31,1539318.4
Santa Clara County,CA,"San Jose-Sunnyvale-Santa Clara, CA",2023-11-30,1559505.495
Santa Clara County,CA,"San Jose-Sunnyvale-Santa Clara, CA",2023-12-31,1572627.783
Santa Clara County,CA,"San Jose-Sunnyvale-Santa Clara, CA",2024-01-31,1572833.148
Santa Clara County,CA,"San Jose-Sunnyvale-Santa Clara, CA",2024-02-29,1568145.667
Santa Clara County,CA,"San Jose-Sunnyvale-Santa Clara, CA",2024-03-31,1568974.895
Santa Clara County,CA,"San Jose-Sunnyvale-Santa Clara, CA",2024-04-30,1581941.797
Santa Clara County,CA,"San Jose-Sunnyvale-Santa Clara, CA",2024-05-31,1600939.485
Santa Clara County,CA,"San Jose-Sunnyvale-Santa Clara, CA",2024-06-30,1617040.816
Santa Clara County,CA,"San Jose-Sunnyvale-Santa Clara, CA",2024-07-31,1632590.647
Santa Clara County,CA,"San Jose-Sunnyvale-Santa Clara, CA",2024-08-31,1646360.712
Santa Clara County,CA,"San Jose-Sunnyvale-Santa Clara, CA",2024-09-30,1659270.593
Santa Clara County,CA,"San Jose-Sunnyvale-Santa Clara, CA",2024-10-31,1670444.242
Santa Clara County,CA,"San Jose-Sunnyvale-Santa Clara, CA",2024-11-30,1683860.248
Santa Clara County,CA,"San Jose-Sunnyvale-Santa Clara, CA",2024-12-31,1697663.299
Santa Clara County,CA,"San Jose-Sunnyvale-Santa Clara, CA",2025-01-31,1702453.994
Santa Clara County,CA,"San Jose-Sunnyvale-Santa Clara, CA",2025-02-28,1698071.825
Santa Clara County,CA,"San Jose-Sunnyvale-Santa Clara, CA",2025-03-31,1685649.191
Santa Clara County,CA,"San Jose-Sunnyvale-Santa Clara, CA",2025-04-30,1673010.538
Santa Clara County,CA,"San Jose-Sunnyvale-Santa Clara, CA",2025-05-31,1655253.724
Santa Clara County,CA,"San Jose-Sunnyvale-Santa Clara, CA",2025-06-30,1636786.077
Santa Clara County,CA,"San Jose-Sunnyvale-Santa Clara, CA",2025-07-31,1624357.713
Santa Clara County,CA,"San Jose-Sunnyvale-Santa Clara, CA",2025-08-31,1620508.287
Santa Clara County,CA,"San Jose-Sunnyvale-Santa Clara, CA",2025-09-30,1626288.155
Santa Clara County,CA,"San Jose-Sunnyvale-Santa Clara, CA",2025-10-31,1637800.729
Santa Clara County,CA,"San Jose-Sunnyvale-Santa Clara, CA",2025-11-30,1654016.266
Santa Clara County,CA,"San Jose-Sunnyvale-Santa Clara, CA",2025-12-31,1669081.917
Alameda County,CA,"San Francisco-Oakland-Berkeley, CA",2010-01-31,450136.9514
Alameda County,CA,"San Francisco-Oakland-Berkeley, CA",2010-02-28,453505.6084
Alameda County,CA,"San Francisco-Oakland-Berkeley, CA",2010-03-31,456064.4005
Alameda County,CA,"San Francisco-Oakland-Berkeley, CA",2010-04-30,456364.7813
Alameda County,CA,"San Francisco-Oakland-Berkeley, CA",2010-05-31,457904.9865
Alameda County,CA,"San Francisco-Oakland-Berkeley, CA",2010-06-30,457750.9869
Alameda County,CA,"San Francisco-Oakland-Berkeley, CA",2010-07-31,455858.8241
Alameda County,CA,"San Francisco-Oakland-Berkeley, CA",2010-08-31,451253.3371
Alameda County,CA,"San Francisco-Oakland-Berkeley, CA",2010-09-30,446872.0392
Alameda County,CA,"San Francisco-Oakland-Berkeley, CA",2010-10-31,443437.1331
Alameda County,CA,"San Francisco-Oakland-Berkeley, CA",2010-11-30,441238.7357
Alameda County,CA,"San Francisco-Oakland-Berkeley, CA",2010-12-31,438291.2661
Alameda County,CA,"San Francisco-Oakland-Berkeley, CA",2011-01-31,435701.5992
Alameda County,CA,"San Francisco-Oakland-Berkeley, CA",2011-02-28,432328.8029
Alameda County,CA,"San Francisco-Oakland-Berkeley, CA",2011-03-31,429335.7662
Alameda County,CA,"San Francisco-Oakland-Berkeley, CA",2011-04-30,425011.7443
Alameda County,CA,"San Francisco-Oakland-Berkeley, CA",2011-05-31,419676.4487
Alameda County,CA,"San Francisco-Oakland-Berkeley, CA",2011-06-30,413621.8547
Alameda County,CA,"San Francisco-Oakland-Berkeley, CA",2011-07-31,410877.1406
Alameda County,CA,"San Francisco-Oakland-Berkeley, CA",2011-08-31,408926.9158
Alameda County,CA,"San Francisco-Oakland-Berkeley, CA",2011-09-30,408785.9408
Alameda County,CA,"San Francisco-Oakland-Berkeley, CA",2011-10-31,406457.4231
Alameda County,CA,"San Francisco-Oakland-Berkeley, CA",2011-11-30,404084.972
Alameda County,CA,"San Francisco-Oakland-Berkeley, CA",2011-12-31,401942.2283
Alameda County,CA,"San Francisco-Oakland-Berkeley, CA",2012-01-31,399520.0807
Alameda County,CA,"San Francisco-Oakland-Berkeley, CA",2012-02-29,397351.7501
Alameda County,CA,"San Francisco-Oakland-Berkeley, CA",2012-03-31,393481.9212
Alameda County,CA,"San Francisco-Oakland-Berkeley, CA",2012-04-30,390361.4067
Alameda County,CA,"San Francisco-Oakland-Berkeley, CA",2012-05-31,388857.541
Alameda County,CA,"San Francisco-Oakland-Berkeley, CA",2012-06-30,389912.3207
Alameda County,CA,"San Francisco-Oakland-Berkeley, CA",2012-07-31,392429.9584
Alameda County,CA,"San Francisco-Oakland-Berkeley, CA",2012-08-31,397459.7458
Alameda County,CA,"San Francisco-Oakland-Berkeley, CA",2012-09-30,403792.9772
Alameda County,CA,"San Francisco-Oakland-Berkeley, CA",2012-10-31,411447.041
Alameda County,CA,"San Francisco-Oakland-Berkeley, CA",2012-11-30,418918.353
Alameda County,CA,"San Francisco-Oakland-Berkeley, CA",2012-12-31,426982.6381
Alameda County,CA,"San Francisco-Oakland-Berkeley, CA",2013-01-31,435474.2644
Alameda County,CA,"San Francisco-Oakland-Berkeley, CA",2013-02-28,444191.3561
Alameda County,CA,"San Francisco-Oakland-Berkeley, CA",2013-03-31,452955.2424
Alameda County,CA,"San Francisco-Oakland-Berkeley, CA",2013-04-30,462331.2403
Alameda County,CA,"San Francisco-Oakland-Berkeley, CA",2013-05-31,474139.4661
Alameda County,CA,"San Francisco-Oakland-Berkeley, CA",2013-06-30,486756.613
Alameda County,CA,"San Francisco-Oakland-Berkeley, CA",2013-07-31,498424.6891
Alameda County,CA,"San Francisco-Oakland-Berkeley, CA",2013-08-31,507961.3857
Alameda County,CA,"San Francisco-Oakland-Berkeley, CA",2013-09-30,516123.8357
Alameda County,CA,"San Francisco-Oakland-Berkeley, CA",2013-10-31,523834.4018
Alameda County,CA,"San Francisco-Oakland-Berkeley, CA",2013-11-30,530237.3226
Alameda County,CA,"San Francisco-Oakland-Berkeley, CA",2013-12-31,536374.4384
Alameda County,CA,"San Francisco-Oakland-Berkeley, CA",2014-01-31,541883.3801
Alameda County,CA,"San Francisco-Oakland-Berkeley, CA",2014-02-28,547291.8873
Alameda County,CA,"San Francisco-Oakland-Berkeley, CA",2014-03-31,553180.1522
Alameda County,CA,"San Francisco-Oakland-Berkeley, CA",2014-04-30,560411.1437
Alameda County,CA,"San Francisco-Oakland-Berkeley, CA",2014-05-31,568531.3833
Alameda County,CA,"San Francisco-Oakland-Berkeley, CA",2014-06-30,574474.9377
Alameda County,CA,"San Francisco-Oakland-Berkeley, CA",2014-07-31,577482.2484
Alameda County,CA,"San Francisco-Oakland-Berkeley, CA",2014-08-31,579694.4423
Alameda County,CA,"San Francisco-Oakland-Berkeley, CA",2014-09-30,583311.7662
Alameda County,CA,"San Francisco-Oakland-Berkeley, CA",2014-10-31,588609.001
Alameda County,CA,"San Francisco-Oakland-Berkeley, CA",2014-11-30,594681.5296
Alameda County,CA,"San Francisco-Oakland-Berkeley, CA",2014-12-31,601539.221
Alameda County,CA,"San Francisco-Oakland-Berkeley, CA",2015-01-31,609031.3985
Alameda County,CA,"San Francisco-Oakland-Berkeley, CA",2015-02-28,617061.1253
Alameda County,CA,"San Francisco-Oakland-Berkeley, CA",2015-03-31,624827.8307
Alameda County,CA,"San Francisco-Oakland-Berkeley, CA",2015-04-30,632455.7195
Alameda County,CA,"San Francisco-Oakland-Berkeley, CA",2015-05-31,640382.0569
Alameda County,CA,"San Francisco-Oakland-Berkeley, CA",2015-06-30,647933.7791
Alameda County,CA,"San Francisco-Oakland-Berkeley, CA",2015-07-31,654851.1723
Alameda County,CA,"San Francisco-Oakland-Berkeley, CA",2015-08-31,662146.7361
Alameda County,CA,"San Francisco-Oakland-Berkeley, CA",2015-09-30,670050.5923
Alameda County,CA,"San Francisco-Oakland-Berkeley, CA",2015-10-31,679230.4349
Alameda County,CA,"San Francisco-Oakland-Berkeley, CA",2015-11-30,687152.5093
Alameda County,CA,"San Francisco-Oakland-Berkeley, CA",2015-12-31,695400.6021
Alameda County,CA,"San Francisco-Oakland-Berkeley, CA",2016-01-31,704154.3947
Alameda County,CA,"San Francisco-Oakland-Berkeley, CA",2016-02-29,713550.374
Alameda County,CA,"San Francisco-Oakland-Berkeley, CA",2016-03-31,721287.6154
Alameda County,CA,"San Francisco-Oakland-Berkeley, CA",2016-04-30,726604.3113
Alameda County,CA,"San Francisco-Oakland-Berkeley, CA",2016-05-31,729072.6954
Alameda County,CA,"San Francisco-Oakland-Berkeley, CA",2016-06-30,729781.0739
Alameda County,CA,"San Francisco-Oakland-Berkeley, CA",2016-07-31,728592.4432
Alameda County,CA,"San Francisco-Oakland-Berkeley, CA",2016-08-31,728216.4857
Alameda County,CA,"San Francisco-Oakland-Berkeley, CA",2016-09-30,727951.0208
Alameda County,CA,"San Francisco-Oakland-Berkeley, CA",2016-10-31,729689.5235
Alameda County,CA,"San Francisco-Oakland-Berkeley, CA",2016-11-30,732343.6836
Alameda County,CA,"San Francisco-Oakland-Berkeley, CA",2016-12-31,737883.7212
Alameda County,CA,"San Francisco-Oakland-Berkeley, CA",2017-01-31,744807.0336
Alameda County,CA,"San Francisco-Oakland-Berkeley, CA",2017-02-28,751708.2746
Alameda County,CA,"San Francisco-Oakland-Berkeley, CA",2017-03-31,757028.5568
Alameda County,CA,"San Francisco-Oakland-Berkeley, CA",2017-04-30,762501.2745
Alameda County,CA,"San Francisco-Oakland-Berkeley, CA",2017-05-31,767218.3299
Alameda County,CA,"San Francisco-Oakland-Berkeley, CA",2017-06-30,772070.3268
Alameda County,CA,"San Francisco-Oakland-Berkeley, CA",2017-07-31,774958.7983
Alameda County,CA,"San Francisco-Oakland-Berkeley, CA",2017-08-31,778789.9839
Alameda County,CA,"San Francisco-Oakland-Berkeley, CA",2017-09-30,784034.5801
Alameda County,CA,"San Francisco-Oakland-Berkeley, CA",2017-10-31,791873.6729
Alameda County,CA,"San Francisco-Oakland-Berkeley, CA",2017-11-30,800337.6421
Alameda County,CA,"San Francisco-Oakland-Berkeley, CA",2017-12-31,811048.986
Alameda County,CA,"San Francisco-Oakland-Berkeley, CA",2018-01-31,822855.1001
Alameda County,CA,"San Francisco-Oakland-Berkeley, CA",2018-02-28,834891.8625
Alameda County,CA,"San Francisco-Oakland-Berkeley, CA",2018-03-31,845612.1264
Alameda County,CA,"San Francisco-Oakland-Berkeley, CA",2018-04-30,855462.1356
Alameda County,CA,"San Francisco-Oakland-Berkeley, CA",2018-05-31,865281.2501
Alameda County,CA,"San Francisco-Oakland-Berkeley, CA",2018-06-30,873063.1087
Alameda County,CA,"San Francisco-Oakland-Berkeley, CA",2018-07-31,876822.7654
Alameda County,CA,"San Francisco-Oakland-Berkeley, CA",2018-08-31,879271.9703
Alameda County,CA,"San Francisco-Oakland-Berkeley, CA",2018-09-30,880534.8492
Alameda County,CA,"San Francisco-Oakland-Berkeley, CA",2018-10-31,882391.3015
Alameda County,CA,"San Francisco-Oakland-Berkeley, CA",2018-11-30,882137.9144
Alameda County,CA,"San Francisco-Oakland-Berkeley, CA",2018-12-31,880262.2783
Alameda County,CA,"San Francisco-Oakland-Berkeley, CA",2019-01-31,876716.3851
Alameda County,CA,"San Francisco-Oakland-Berkeley, CA",2019-02-28,871962.6919
Alameda County,CA,"San Francisco-Oakland-Berkeley, CA",2019-03-31,867976.2453
Alameda County,CA,"San Francisco-Oakland-Berkeley, CA",2019-04-30,865458.9619
Alameda County,CA,"San Francisco-Oakland-Berkeley, CA",2019-05-31,863685.7304
Alameda County,CA,"San Francisco-Oakland-Berkeley, CA",2019-06-30,862762.7377
Alameda County,CA,"San Francisco-Oakland-Berkeley, CA",2019-07-31,861969.2929
Alameda County,CA,"San Francisco-Oakland-Berkeley, CA",2019-08-31,862306.7996
Alameda County,CA,"San Francisco-Oakland-Berkeley, CA",2019-09-30,861835.5179
Alameda County,CA,"San Francisco-Oakland-Berkeley, CA",2019-10-31,861771.8113
Alameda County,CA,"San Francisco-Oakland-Berkeley, CA",2019-11-30,862387.002
Alameda County,CA,"San Francisco-Oakland-Berkeley, CA",2019-12-31,864099.5964
Alameda County,CA,"San Francisco-Oakland-Berkeley, CA",2020-01-31,866378.5917
Alameda County,CA,"San Francisco-Oakland-Berkeley, CA",2020-02-29,869779.5911
Alameda County,CA,"San Francisco-Oakland-Berkeley, CA",2020-03-31,874298.8604
Alameda County,CA,"San Francisco-Oakland-Berkeley, CA",2020-04-30,878505.9698
Alameda County,CA,"San Francisco-Oakland-Berkeley, CA",2020-05-31,877634.5233
Alameda County,CA,"San Francisco-Oakland-Berkeley, CA",2020-06-30,873435.0069
Alameda County,CA,"San Francisco-Oakland-Berkeley, CA",2020-07-31,870368.115
Alameda County,CA,"San Francisco-Oakland-Berkeley, CA",2020-08-31,873592.1388
Alameda County,CA,"San Francisco-Oakland-Berkeley, CA",2020-09-30,883428.0271
Alameda County,CA,"San Francisco-Oakland-Berkeley, CA",2020-10-31,896382.695
Alameda County,CA,"San Francisco-Oakland-Berkeley, CA",2020-11-30,912002.7439
Alameda County,CA,"San Francisco-Oakland-Berkeley, CA",2020-12-31,927562.1424
Alameda County,CA,"San Francisco-Oakland-Berkeley, CA",2021-01-31,943123.6614
Alameda County,CA,"San Francisco-Oakland-Berkeley, CA",2021-02-28,959070.5636
Alameda County,CA,"San Francisco-Oakland-Berkeley, CA",2021-03-31,976536.0558
Alameda County,CA,"San Francisco-Oakland-Berkeley, CA",2021-04-30,996675.8378
Alameda County,CA,"San Francisco-Oakland-Berkeley, CA",2021-05-31,1017820.553
Alameda County,CA,"San Francisco-Oakland-Berkeley, CA",2021-06-30,1038722.515
Alameda County,CA,"San Francisco-Oakland-Berkeley, CA",2021-07-31,1055874.38
Alameda County,CA,"San Francisco-Oakland-Berkeley, CA",2021-08-31,1064943.833
Alameda County,CA,"San Francisco-Oakland-Berkeley, CA",2021-09-30,1068386.167
Alameda County,CA,"San Francisco-Oakland-Berkeley, CA",2021-10-31,1070729.996
Alameda County,CA,"San Francisco-Oakland-Berkeley, CA",2021-11-30,1076977.739
Alameda County,CA,"San Francisco-Oakland-Berkeley, CA",2021-12-31,1086708.662
Alameda County,CA,"San Francisco-Oakland-Berkeley, CA",2022-01-31,1105498.614
Alameda County,CA,"San Francisco-Oakland-Berkeley, CA",2022-02-28,1134066.02
Alameda County,CA,"San Francisco-Oakland-Berkeley, CA",2022-03-31,1169736.901
Alameda County,CA,"San Francisco-Oakland-Berkeley, CA",2022-04-30,1198904.872
Alameda County,CA,"San Francisco-Oakland-Berkeley, CA",2022-05-31,1215030.511
Alameda County,CA,"San Francisco-Oakland-Berkeley, CA",2022-06-30,1215669.721
Alameda County,CA,"San Francisco-Oakland-Berkeley, CA",2022-07-31,1201191.816
Alameda County,CA,"San Francisco-Oakland-Berkeley, CA",2022-08-31,1175708.94
Alameda County,CA,"San Francisco-Oakland-Berkeley, CA",2022-09-30,1145811.936
Alameda County,CA,"San Francisco-Oakland-Berkeley, CA",2022-10-31,1121960.701
Alameda County,CA,"San Francisco-Oakland-Berkeley, CA",2022-11-30,1105140.456
Alameda County,CA,"San Francisco-Oakland-Berkeley, CA",2022-12-31,1094157.458
Alameda County,CA,"San Francisco-Oakland-Berkeley, CA",2023-01-31,1082357.98
Alameda County,CA,"San Francisco-Oakland-Berkeley, CA",2023-02-28,1072442.366
Alameda County,CA,"San Francisco-Oakland-Berkeley, CA",2023-03-31,1065756.897
Alameda County,CA,"San Francisco-Oakland-Berkeley, CA",2023-04-30,1064821.847
Alameda County,CA,"San Francisco-Oakland-Berkeley, CA",2023-05-31,1068316.351
Alameda County,CA,"San Francisco-Oakland-Berkeley, CA",2023-06-30,1073963.642
Alameda County,CA,"San Francisco-Oakland-Berkeley, CA",2023-07-31,1081990.783
Alameda County,CA,"San Francisco-Oakland-Berkeley, CA",2023-08-31,1090996.347
Alameda County,CA,"San Francisco-Oakland-Berkeley, CA",2023-09-30,1100289.089
Alameda County,CA,"San Francisco-Oakland-Berkeley, CA",2023-10-31,1108084.475
Alameda County,CA,"San Francisco-Oakland-Berkeley, CA",2023-11-30,1112713.783
Alameda County,CA,"San Francisco-Oakland-Berkeley, CA",2023-12-31,1113856.168
Alameda County,CA,"San Francisco-Oakland-Berkeley, CA",2024-01-31,1112301.355
Alameda County,CA,"San Francisco-Oakland-Berkeley, CA",2024-02-29,1112717.921
Alameda County,CA,"San Francisco-Oakland-Berkeley, CA",2024-03-31,1120376.934
Alameda County,CA,"San Francisco-Oakland-Berkeley, CA",2024-04-30,1134446.71
Alameda County,CA,"San Francisco-Oakland-Berkeley, CA",2024-05-31,1148865.422
Alameda County,CA,"San Francisco-Oakland-Berkeley, CA",2024-06-30,1156210.05
Alameda County,CA,"San Francisco-Oakland-Berkeley, CA",2024-07-31,1158461.776
Alameda County,CA,"San Francisco-Oakland-Berkeley, CA",2024-08-31,1155973.936
Alameda County,CA,"San Francisco-Oakland-Berkeley, CA",2024-09-30,1152853.3
Alameda County,CA,"San Francisco-Oakland-Berkeley, CA",2024-10-31,1148703.652
Alameda County,CA,"San Francisco-Oakland-Berkeley, CA",2024-11-30,1147336.532
Alameda County,CA,"San Francisco-Oakland-Berkeley, CA",2024-12-31,1147245.422
Alameda County,CA,"San Francisco-Oakland-Berkeley, CA",2025-01-31,1146258.254
Alameda County,CA,"San Francisco-Oakland-Berkeley, CA",2025-02-28,1144668.035
Alameda County,CA,"San Francisco-Oakland-Berkeley, CA",2025-03-31,1141319.709
Alameda County,CA,"San Francisco-Oakland-Berkeley, CA",2025-04-30,1136548.178
Alameda County,CA,"San Francisco-Oakland-Berkeley, CA",2025-05-31,1127360.843
Alameda County,CA,"San Francisco-Oakland-Berkeley, CA",2025-06-30,1114658.507
Alameda County,CA,"San Francisco-Oakland-Berkeley, CA",2025-07-31,1101988.422
Alameda County,CA,"San Francisco-Oakland-Berkeley, CA",2025-08-31,1090469.84
Alameda County,CA,"San Francisco-Oakland-Berkeley, CA",2025-09-30,1084408.566
Alameda County,CA,"San Francisco-Oakland-Berkeley, CA",2025-10-31,1082588.737
Alameda County,CA,"San Francisco-Oakland-Berkeley, CA",2025-11-30,1084565.848
Alameda County,CA,"San Francisco-Oakland-Berkeley, CA",2025-12-31,1087144.469
Contra Costa County,CA,"San Francisco-Oakland-Berkeley, CA",2010-01-31,327384.641
Contra Costa County,CA,"San Francisco-Oakland-Berkeley, CA",2010-02-28,326660.1187
Contra Costa County,CA,"San Francisco-Oakland-Berkeley, CA",2010-03-31,326326.6253
Contra Costa County,CA,"San Francisco-Oakland-Berkeley, CA",2010-04-30,326286.1479
Contra Costa County,CA,"San Francisco-Oakland-Berkeley, CA",2010-05-31,327985.8616
Contra Costa County,CA,"San Francisco-Oakland-Berkeley, CA",2010-06-30,329063.3257
Contra Costa County,CA,"San Francisco-Oakland-Berkeley, CA",2010-07-31,329036.3252
Contra Costa County,CA,"San Francisco-Oakland-Berkeley, CA",2010-08-31,328173.7969
Contra Costa County,CA,"San Francisco-Oakland-Berkeley, CA",2010-09-30,325137.6982
Contra Costa County,CA,"San Francisco-Oakland-Berkeley, CA",2010-10-31,320273.7337
Contra Costa County,CA,"San Francisco-Oakland-Berkeley, CA",2010-11-30,314716.684
Contra Costa County,CA,"San Francisco-Oakland-Berkeley, CA",2010-12-31,311348.9184
Contra Costa County,CA,"San Francisco-Oakland-Berkeley, CA",2011-01-31,307529.3542
Contra Costa County,CA,"San Francisco-Oakland-Berkeley, CA",2011-02-28,305352.1853
Contra Costa County,CA,"San Francisco-Oakland-Berkeley, CA",2011-03-31,303422.9116
Contra Costa County,CA,"San Francisco-Oakland-Berkeley, CA",2011-04-30,303728.4672
Contra Costa County,CA,"San Francisco-Oakland-Berkeley, CA",2011-05-31,304255.5852
Contra Costa County,CA,"San Francisco-Oakland-Berkeley, CA",2011-06-30,303294.5568
Contra Costa County,CA,"San Francisco-Oakland-Berkeley, CA",2011-07-31,300793.3088
Contra Costa County,CA,"San Francisco-Oakland-Berkeley, CA",2011-08-31,295773.85
Contra Costa County,CA,"San Francisco-Oakland-Berkeley, CA",2011-09-30,290336.7452
Contra Costa County,CA,"San Francisco-Oakland-Berkeley, CA",2011-10-31,285629.2315
Contra Costa County,CA,"San Francisco-Oakland-Berkeley, CA",2011-11-30,284385.6669
Contra Costa County,CA,"San Francisco-Oakland-Berkeley, CA",2011-12-31,285471.4219
Contra Costa County,CA,"San Francisco-Oakland-Berkeley, CA",2012-01-31,288248.6894
Contra Costa County,CA,"San Francisco-Oakland-Berkeley, CA",2012-02-29,291278.5028
Contra Costa County,CA,"San Francisco-Oakland-Berkeley, CA",2012-03-31,294355.4077
Contra Costa County,CA,"San Francisco-Oakland-Berkeley, CA",2012-04-30,296976.145
Contra Costa County,CA,"San Francisco-Oakland-Berkeley, CA",2012-05-31,299776.7377
Contra Costa County,CA,"San Francisco-Oakland-Berkeley, CA",2012-06-30,302838.0398
Contra Costa County,CA,"San Francisco-Oakland-Berkeley, CA",2012-07-31,305907.8545
Contra Costa County,CA,"San Francisco-Oakland-Berkeley, CA",2012-08-31,308963.4574
Contra Costa County,CA,"San Francisco-Oakland-Berkeley, CA",2012-09-30,313322.2451
Contra Costa County,CA,"San Francisco-Oakland-Berkeley, CA",2012-10-31,318653.9794
Contra Costa County,CA,"San Francisco-Oakland-Berkeley, CA",2012-11-30,324040.0336
Contra Costa County,CA,"San Francisco-Oakland-Berkeley, CA",2012-12-31,329558.9615
Contra Costa County,CA,"San Francisco-Oakland-Berkeley, CA",2013-01-31,335075.2404
Contra Costa County,CA,"San Francisco-Oakland-Berkeley, CA",2013-02-28,341724.8651
Contra Costa County,CA,"San Francisco-Oakland-Berkeley, CA",2013-03-31,348611.4236
Contra Costa County,CA,"San Francisco-Oakland-Berkeley, CA",2013-04-30,356994.9124
Contra Costa County,CA,"San Francisco-Oakland-Berkeley, CA",2013-05-31,367388.7502
Contra Costa County,CA,"San Francisco-Oakland-Berkeley, CA",2013-06-30,378810.4917
Contra Costa County,CA,"San Francisco-Oakland-Berkeley, CA",2013-07-31,389604.7695
Contra Costa County,CA,"San Francisco-Oakland-Berkeley, CA",2013-08-31,398603.9992
Contra Costa County,CA,"San Francisco-Oakland-Berkeley, CA",2013-09-30,407215.2573
Contra Costa County,CA,"San Francisco-Oakland-Berkeley, CA",2013-10-31,415219.6074
Contra Costa County,CA,"San Francisco-Oakland-Berkeley, CA",2013-11-30,421532.4259
Contra Costa County,CA,"San Francisco-Oakland-Berkeley, CA",2013-12-31,426091.1628
Contra Costa County,CA,"San Francisco-Oakland-Berkeley, CA",2014-01-31,429979.5488
Contra Costa County,CA,"San Francisco-Oakland-Berkeley, CA",2014-02-28,434776.6009
Contra Costa County,CA,"San Francisco-Oakland-Berkeley, CA",2014-03-31,439822.5368
Contra Costa County,CA,"San Francisco-Oakland-Berkeley, CA",2014-04-30,445236.1995
Contra Costa County,CA,"San Francisco-Oakland-Berkeley, CA",2014-05-31,450492.3677
Contra Costa County,CA,"San Francisco-Oakland-Berkeley, CA",2014-06-30,454081.4573
Contra Costa County,CA,"San Francisco-Oakland-Berkeley, CA",2014-07-31,456006.0204
Contra Costa County,CA,"San Francisco-Oakland-Berkeley, CA",2014-08-31,456718.0763
Contra Costa County,CA,"San Francisco-Oakland-Berkeley, CA",2014-09-30,459449.1649
Contra Costa County,CA,"San Francisco-Oakland-Berkeley, CA",2014-10-31,463038.0859
Contra Costa County,CA,"San Francisco-Oakland-Berkeley, CA",2014-11-30,466532.5207
Contra Costa County,CA,"San Francisco-Oakland-Berkeley, CA",2014-12-31,469015.4997
Contra Costa County,CA,"San Francisco-Oakland-Berkeley, CA",2015-01-31,472050.9107
Contra Costa County,CA,"San Francisco-Oakland-Berkeley, CA",2015-02-28,476810.1955
Contra Costa County,CA,"San Francisco-Oakland-Berkeley, CA",2015-03-31,482135.4604
Contra Costa County,CA,"San Francisco-Oakland-Berkeley, CA",2015-04-30,487014.2017
Contra Costa County,CA,"San Francisco-Oakland-Berkeley, CA",2015-05-31,491736.2613
Contra Costa County,CA,"San Francisco-Oakland-Berkeley, CA",2015-06-30,495810.3784
Contra Costa County,CA,"San Francisco-Oakland-Berkeley, CA",2015-07-31,499690.1236
Contra Costa County,CA,"San Francisco-Oakland-Berkeley, CA",2015-08-31,502965.6299
Contra Costa County,CA,"San Francisco-Oakland-Berkeley, CA",2015-09-30,507615.6109
Contra Costa County,CA,"San Francisco-Oakland-Berkeley, CA",2015-10-31,513231.3213
Contra Costa County,CA,"San Francisco-Oakland-Berkeley, CA",2015-11-30,519001.5817
Contra Costa County,CA,"San Francisco-Oakland-Berkeley, CA",2015-12-31,524073.8504
Contra Costa County,CA,"San Francisco-Oakland-Berkeley, CA",2016-01-31,529680.5717
Contra Costa County,CA,"San Francisco-Oakland-Berkeley, CA",2016-02-29,535799.7528
Contra Costa County,CA,"San Francisco-Oakland-Berkeley, CA",2016-03-31,541136.2506
Contra Costa County,CA,"San Francisco-Oakland-Berkeley, CA",2016-04-30,544442.0933
Contra Costa County,CA,"San Francisco-Oakland-Berkeley, CA",2016-05-31,546094.8853
Contra Costa County,CA,"San Francisco-Oakland-Berkeley, CA",2016-06-30,546361.7255
Contra Costa County,CA,"San Francisco-Oakland-Berkeley, CA",2016-07-31,546589.2135
Contra Costa County,CA,"San Francisco-Oakland-Berkeley, CA",2016-08-31,546499.4099
Contra Costa County,CA,"San Francisco-Oakland-Berkeley, CA",2016-09-30,547791.7172
Contra Costa County,CA,"San Francisco-Oakland-Berkeley, CA",2016-10-31,550257.706
Contra Costa County,CA,"San Francisco-Oakland-Berkeley, CA",2016-11-30,553987.9889
Contra Costa County,CA,"San Francisco-Oakland-Berkeley, CA",2016-12-31,558425.058
Contra Costa County,CA,"San Francisco-Oakland-Berkeley, CA",2017-01-31,563196.1633
Contra Costa County,CA,"San Francisco-Oakland-Berkeley, CA",2017-02-28,568430.3961
Contra Costa County,CA,"San Francisco-Oakland-Berkeley, CA",2017-03-31,573312.4309
Contra Costa County,CA,"San Francisco-Oakland-Berkeley, CA",2017-04-30,577265.5508
Contra Costa County,CA,"San Francisco-Oakland-Berkeley, CA",2017-05-31,579540.4433
Contra Costa County,CA,"San Francisco-Oakland-Berkeley, CA",2017-06-30,581009.8773
Contra Costa County,CA,"San Francisco-Oakland-Berkeley, CA",2017-07-31,582156.8522
Contra Costa County,CA,"San Francisco-Oakland-Berkeley, CA",2017-08-31,583878.3174
Contra Costa County,CA,"San Francisco-Oakland-Berkeley, CA",2017-09-30,587635.5662
Contra Costa County,CA,"San Francisco-Oakland-Berkeley, CA",2017-10-31,592920.7134
Contra Costa County,CA,"San Francisco-Oakland-Berkeley, CA",2017-11-30,598930.662
Contra Costa County,CA,"San Francisco-Oakland-Berkeley, CA",2017-12-31,604359.7874
Contra Costa County,CA,"San Francisco-Oakland-Berkeley, CA",2018-01-31,609785.9112
Contra Costa County,CA,"San Francisco-Oakland-Berkeley, CA",2018-02-28,615417.1461
Contra Costa County,CA,"San Francisco-Oakland-Berkeley, CA",2018-03-31,620243.0847
Contra Costa County,CA,"San Francisco-Oakland-Berkeley, CA",2018-04-30,623464.9194
Contra Costa County,CA,"San Francisco-Oakland-Berkeley, CA",2018-05-31,626427.7721
Contra Costa County,CA,"San Francisco-Oakland-Berkeley, CA",2018-06-30,628894.023
Contra Costa County,CA,"San Francisco-Oakland-Berkeley, CA",2018-07-31,630727.0696
Contra Costa County,CA,"San Francisco-Oakland-Berkeley, CA",2018-08-31,631955.5227
Contra Costa County,CA,"San Francisco-Oakland-Berkeley, CA",2018-09-30,633643.2893
Contra Costa County,CA,"San Francisco-Oakland-Berkeley, CA",2018-10-31,636228.3385
Contra Costa County,CA,"San Francisco-Oakland-Berkeley, CA",2018-11-30,638286.5654
Contra Costa County,CA,"San Francisco-Oakland-Berkeley, CA",2018-12-31,638847.6991
Contra Costa County,CA,"San Francisco-Oakland-Berkeley, CA",2019-01-31,638704.3895
Contra Costa County,CA,"San Francisco-Oakland-Berkeley, CA",2019-02-28,638352.3257
Contra Costa County,CA,"San Francisco-Oakland-Berkeley, CA",2019-03-31,638718.3985
Contra Costa County,CA,"San Francisco-Oakland-Berkeley, CA",2019-04-30,638674.8281
Contra Costa County,CA,"San Francisco-Oakland-Berkeley, CA",2019-05-31,637601.8971
Contra Costa County,CA,"San Francisco-Oakland-Berkeley, CA",2019-06-30,636490.9132
Contra Costa County,CA,"San Francisco-Oakland-Berkeley, CA",2019-07-31,635932.5808
Contra Costa County,CA,"San Francisco-Oakland-Berkeley, CA",2019-08-31,636684.5437
Contra Costa County,CA,"San Francisco-Oakland-Berkeley, CA",2019-09-30,638016.9507
Contra Costa County,CA,"San Francisco-Oakland-Berkeley, CA",2019-10-31,639935.4021
Contra Costa County,CA,"San Francisco-Oakland-Berkeley, CA",2019-11-30,642380.3778
Contra Costa County,CA,"San Francisco-Oakland-Berkeley, CA",2019-12-31,644622.9261
Contra Costa County,CA,"San Francisco-Oakland-Berkeley, CA",2020-01-31,647313.6471
Contra Costa County,CA,"San Francisco-Oakland-Berkeley, CA",2020-02-29,650432.0125
Contra Costa County,CA,"San Francisco-Oakland-Berkeley, CA",2020-03-31,654540.6829
Contra Costa County,CA,"San Francisco-Oakland-Berkeley, CA",2020-04-30,657674.9858
Contra Costa County,CA,"San Francisco-Oakland-Berkeley, CA",2020-05-31,657914.5349
Contra Costa County,CA,"San Francisco-Oakland-Berkeley, CA",2020-06-30,656244.6421
Contra Costa County,CA,"San Francisco-Oakland-Berkeley, CA",2020-07-31,655597.5999
Contra Costa County,CA,"San Francisco-Oakland-Berkeley, CA",2020-08-31,659108.9905
Contra Costa County,CA,"San Francisco-Oakland-Berkeley, CA",2020-09-30,667078.4053
Contra Costa County,CA,"San Francisco-Oakland-Berkeley, CA",2020-10-31,678163.9223
Contra Costa County,CA,"San Francisco-Oakland-Berkeley, CA",2020-11-30,691624.7062
Contra Costa County,CA,"San Francisco-Oakland-Berkeley, CA",2020-12-31,704999.356
Contra Costa County,CA,"San Francisco-Oakland-Berkeley, CA",2021-01-31,717650.622
Contra Costa County,CA,"San Francisco-Oakland-Berkeley, CA",2021-02-28,729485.7027
Contra Costa County,CA,"San Francisco-Oakland-Berkeley, CA",2021-03-31,742466.3621
Contra Costa County,CA,"San Francisco-Oakland-Berkeley, CA",2021-04-30,757647.3138
Contra Costa County,CA,"San Francisco-Oakland-Berkeley, CA",2021-05-31,774798.6132
Contra Costa County,CA,"San Francisco-Oakland-Berkeley, CA",2021-06-30,791595.3046
Contra Costa County,CA,"San Francisco-Oakland-Berkeley, CA",2021-07-31,804727.9766
Contra Costa County,CA,"San Francisco-Oakland-Berkeley, CA",2021-08-31,811991.8955
Contra Costa County,CA,"San Francisco-Oakland-Berkeley, CA",2021-09-30,814353.7097
Contra Costa County,CA,"San Francisco-Oakland-Berkeley, CA",2021-10-31,815484.2706
Contra Costa County,CA,"San Francisco-Oakland-Berkeley, CA",2021-11-30,818743.5803
Contra Costa County,CA,"San Francisco-Oakland-Berkeley, CA",2021-12-31,824280.44
Contra Costa County,CA,"San Francisco-Oakland-Berkeley, CA",2022-01-31,834937.4829
Contra Costa County,CA,"San Francisco-Oakland-Berkeley, CA",2022-02-28,850358.92
Contra Costa County,CA,"San Francisco-Oakland-Berkeley, CA",2022-03-31,869941.414
Contra Costa County,CA,"San Francisco-Oakland-Berkeley, CA",2022-04-30,886665.3079
Contra Costa County,CA,"San Francisco-Oakland-Berkeley, CA",2022-05-31,897033.2027
Contra Costa County,CA,"San Francisco-Oakland-Berkeley, CA",2022-06-30,899009.5344
Contra Costa County,CA,"San Francisco-Oakland-Berkeley, CA",2022-07-31,891959.8081
Contra Costa County,CA,"San Francisco-Oakland-Berkeley, CA",2022-08-31,877790.0216
Contra Costa County,CA,"San Francisco-Oakland-Berkeley, CA",2022-09-30,861074.0735
Contra Costa County,CA,"San Francisco-Oakland-Berkeley, CA",2022-10-31,847520.5303
Contra Costa County,CA,"San Francisco-Oakland-Berkeley, CA",2022-11-30,837294.2388
Contra Costa County,CA,"San Francisco-Oakland-Berkeley, CA",2022-12-31,828786.779
Contra Costa County,CA,"San Francisco-Oakland-Berkeley, CA",2023-01-31,819165.664
Contra Costa County,CA,"San Francisco-Oakland-Berkeley, CA",2023-02-28,811120.1262
Contra Costa County,CA,"San Francisco-Oakland-Berkeley, CA",2023-03-31,805185.8748
Contra Costa County,CA,"San Francisco-Oakland-Berkeley, CA",2023-04-30,803727.5321
Contra Costa County,CA,"San Francisco-Oakland-Berkeley, CA",2023-05-31,805627.6527
Contra Costa County,CA,"San Francisco-Oakland-Berkeley, CA",2023-06-30,810008.384
Contra Costa County,CA,"San Francisco-Oakland-Berkeley, CA",2023-07-31,815499.2426
Contra Costa County,CA,"San Francisco-Oakland-Berkeley, CA",2023-08-31,820172.4084
Contra Costa County,CA,"San Francisco-Oakland-Berkeley, CA",2023-09-30,823641.9154
Contra Costa County,CA,"San Francisco-Oakland-Berkeley, CA",2023-10-31,826123.9331
Contra Costa County,CA,"San Francisco-Oakland-Berkeley, CA",2023-11-30,826964.8689
Contra Costa County,CA,"San Francisco-Oakland-Berkeley, CA",2023-12-31,826947.4422
Contra Costa County,CA,"San Francisco-Oakland-Berkeley, CA",2024-01-31,825485.3222
Contra Costa County,CA,"San Francisco-Oakland-Berkeley, CA",2024-02-29,825495.7445
Contra Costa County,CA,"San Francisco-Oakland-Berkeley, CA",2024-03-31,828791.6704
Contra Costa County,CA,"San Francisco-Oakland-Berkeley, CA",2024-04-30,834754.2285
Contra Costa County,CA,"San Francisco-Oakland-Berkeley, CA",2024-05-31,839952.4842
Contra Costa County,CA,"San Francisco-Oakland-Berkeley, CA",2024-06-30,841401.7785
Contra Costa County,CA,"San Francisco-Oakland-Berkeley, CA",2024-07-31,840534.2196
Contra Costa County,CA,"San Francisco-Oakland-Berkeley, CA",2024-08-31,838044.3288
Contra Costa County,CA,"San Francisco-Oakland-Berkeley, CA",2024-09-30,835615.146
Contra Costa County,CA,"San Francisco-Oakland-Berkeley, CA",2024-10-31,833206.1414
Contra Costa County,CA,"San Francisco-Oakland-Berkeley, CA",2024-11-30,832437.4946
Contra Costa County,CA,"San Francisco-Oakland-Berkeley, CA",2024-12-31,832228.9475
Contra Costa County,CA,"San Francisco-Oakland-Berkeley, CA",2025-01-31,831220.7662
Contra Costa County,CA,"San Francisco-Oakland-Berkeley, CA",2025-02-28,828714.5943
Contra Costa County,CA,"San Francisco-Oakland-Berkeley, CA",2025-03-31,824486.2442
Contra Costa County,CA,"San Francisco-Oakland-Berkeley, CA",2025-04-30,819563.8158
Contra Costa County,CA,"San Francisco-Oakland-Berkeley, CA",2025-05-31,813478.9947
Contra Costa County,CA,"San Francisco-Oakland-Berkeley, CA",2025-06-30,806952.3892
Contra Costa County,CA,"San Francisco-Oakland-Berkeley, CA",2025-07-31,801184.7237
Contra Costa County,CA,"San Francisco-Oakland-Berkeley, CA",2025-08-31,796625.6586
Contra Costa County,CA,"San Francisco-Oakland-Berkeley, CA",2025-09-30,793838.7096
Contra Costa County,CA,"San Francisco-Oakland-Berkeley, CA",2025-10-31,792714.3433
Contra Costa County,CA,"San Francisco-Oakland-Berkeley, CA",2025-11-30,792701.6624
Contra Costa County,CA,"San Francisco-Oakland-Berkeley, CA",2025-12-31,793775.6066
San Francisco County,CA,"San Francisco-Oakland-Berkeley, CA",2010-01-31,675065.4649
San Francisco County,CA,"San Francisco-Oakland-Berkeley, CA",2010-02-28,682949.2203
San Francisco County,CA,"San Francisco-Oakland-Berkeley, CA",2010-03-31,684837.6797
San Francisco County,CA,"San Francisco-Oakland-Berkeley, CA",2010-04-30,685794.561
San Francisco County,CA,"San Francisco-Oakland-Berkeley, CA",2010-05-31,683110.4575
San Francisco County,CA,"San Francisco-Oakland-Berkeley, CA",2010-06-30,680841.1723
San Francisco County,CA,"San Francisco-Oakland-Berkeley, CA",2010-07-31,676032.2304
San Francisco County,CA,"San Francisco-Oakland-Berkeley, CA",2010-08-31,675616.547
San Francisco County,CA,"San Francisco-Oakland-Berkeley, CA",2010-09-30,675399.8946
San Francisco County,CA,"San Francisco-Oakland-Berkeley, CA",2010-10-31,674659.9125
San Francisco County,CA,"San Francisco-Oakland-Berkeley, CA",2010-11-30,669977.1561
San Francisco County,CA,"San Francisco-Oakland-Berkeley, CA",2010-12-31,662537.3773
San Francisco County,CA,"San Francisco-Oakland-Berkeley, CA",2011-01-31,656193.1171
San Francisco County,CA,"San Francisco-Oakland-Berkeley, CA",2011-02-28,650471.0025
San Francisco County,CA,"San Francisco-Oakland-Berkeley, CA",2011-03-31,647416.6031
San Francisco County,CA,"San Francisco-Oakland-Berkeley, CA",2011-04-30,644378.8144
San Francisco County,CA,"San Francisco-Oakland-Berkeley, CA",2011-05-31,639855.1484
San Francisco County,CA,"San Francisco-Oakland-Berkeley, CA",2011-06-30,633156.4281
San Francisco County,CA,"San Francisco-Oakland-Berkeley, CA",2011-07-31,629743.5494
San Francisco County,CA,"San Francisco-Oakland-Berkeley, CA",2011-08-31,628086.6286
San Francisco County,CA,"San Francisco-Oakland-Berkeley, CA",2011-09-30,627553.4513
San Francisco County,CA,"San Francisco-Oakland-Berkeley, CA",2011-10-31,625400.5174
San Francisco County,CA,"San Francisco-Oakland-Berkeley, CA",2011-11-30,623189.4265
San Francisco County,CA,"San Francisco-Oakland-Berkeley, CA",2011-12-31,622665.9392
San Francisco County,CA,"San Francisco-Oakland-Berkeley, CA",2012-01-31,622306.5669
San Francisco County,CA,"San Francisco-Oakland-Berkeley, CA",2012-02-29,624586.7033
San Francisco County,CA,"San Francisco-Oakland-Berkeley, CA",2012-03-31,629694.6028
San Francisco County,CA,"San Francisco-Oakland-Berkeley, CA",2012-04-30,638326.0374
San Francisco County,CA,"San Francisco-Oakland-Berkeley, CA",2012-05-31,648509.6238
San Francisco County,CA,"San Francisco-Oakland-Berkeley, CA",2012-06-30,659665.2712
San Francisco County,CA,"San Francisco-Oakland-Berkeley, CA",2012-07-31,671174.5654
San Francisco County,CA,"San Francisco-Oakland-Berkeley, CA",2012-08-31,683702.788
San Francisco County,CA,"San Francisco-Oakland-Berkeley, CA",2012-09-30,696587.3005
San Francisco County,CA,"San Francisco-Oakland-Berkeley, CA",2012-10-31,709450.1153
San Francisco County,CA,"San Francisco-Oakland-Berkeley, CA",2012-11-30,722958.9237
San Francisco County,CA,"San Francisco-Oakland-Berkeley, CA",2012-12-31,735462.5244
San Francisco County,CA,"San Francisco-Oakland-Berkeley, CA",2013-01-31,747382.1291
San Francisco County,CA,"San Francisco-Oakland-Berkeley, CA",2013-02-28,756795.0684
San Francisco County,CA,"San Francisco-Oakland-Berkeley, CA",2013-03-31,766154.6442
San Francisco County,CA,"San Francisco-Oakland-Berkeley, CA",2013-04-30,777034.7939
San Francisco County,CA,"San Francisco-Oakland-Berkeley, CA",2013-05-31,791336.3528
San Francisco County,CA,"San Francisco-Oakland-Berkeley, CA",2013-06-30,808003.7738
San Francisco County,CA,"San Francisco-Oakland-Berkeley, CA",2013-07-31,821921.0056
San Francisco County,CA,"San Francisco-Oakland-Berkeley, CA",2013-08-31,831155.3711
San Francisco County,CA,"San Francisco-Oakland-Berkeley, CA",2013-09-30,838297.5223
San Francisco County,CA,"San Francisco-Oakland-Berkeley, CA",2013-10-31,846471.8745
San Francisco County,CA,"San Francisco-Oakland-Berkeley, CA",2013-11-30,854700.3342
San Francisco County,CA,"San Francisco-Oakland-Berkeley, CA",2013-12-31,860900.6889
San Francisco County,CA,"San Francisco-Oakland-Berkeley, CA",2014-01-31,866804.5373
San Francisco County,CA,"San Francisco-Oakland-Berkeley, CA",2014-02-28,875052.9461
San Francisco County,CA,"San Francisco-Oakland-Berkeley, CA",2014-03-31,886141.8166
San Francisco County,CA,"San Francisco-Oakland-Berkeley, CA",2014-04-30,901155.7825
San Francisco County,CA,"San Francisco-Oakland-Berkeley, CA",2014-05-31,915989.0757
San Francisco County,CA,"San Francisco-Oakland-Berkeley, CA",2014-06-30,930249.8991
San Francisco County,CA,"San Francisco-Oakland-Berkeley, CA",2014-07-31,939059.7479
San Francisco County,CA,"San Francisco-Oakland-Berkeley, CA",2014-08-31,946569.9034
San Francisco County,CA,"San Francisco-Oakland-Berkeley, CA",2014-09-30,954999.5274
San Francisco County,CA,"San Francisco-Oakland-Berkeley, CA",2014-10-31,966211.2959
San Francisco County,CA,"San Francisco-Oakland-Berkeley, CA",2014-11-30,979094.0127
San Francisco County,CA,"San Francisco-Oakland-Berkeley, CA",2014-12-31,992571.8817
San Francisco County,CA,"San Francisco-Oakland-Berkeley, CA",2015-01-31,1008034.593
San Francisco County,CA,"San Francisco-Oakland-Berkeley, CA",2015-02-28,1024846.061
San Francisco County,CA,"San Francisco-Oakland-Berkeley, CA",2015-03-31,1040575.294
San Francisco County,CA,"San Francisco-Oakland-Berkeley, CA",2015-04-30,1054610.757
San Francisco County,CA,"San Francisco-Oakland-Berkeley, CA",2015-05-31,1069037.449
San Francisco County,CA,"San Francisco-Oakland-Berkeley, CA",2015-06-30,1084568.168
San Francisco County,CA,"San Francisco-Oakland-Berkeley, CA",2015-07-31,1097963.712
San Francisco County,CA,"San Francisco-Oakland-Berkeley, CA",2015-08-31,1110202.104
San Francisco County,CA,"San Francisco-Oakland-Berkeley, CA",2015-09-30,1122620.954
San Francisco County,CA,"San Francisco-Oakland-Berkeley, CA",2015-10-31,1137429.536
San Francisco County,CA,"San Francisco-Oakland-Berkeley, CA",2015-11-30,1149547.662
San Francisco County,CA,"San Francisco-Oakland-Berkeley, CA",2015-12-31,1157800.174
San Francisco County,CA,"San Francisco-Oakland-Berkeley, CA",2016-01-31,1166335.549
San Francisco County,CA,"San Francisco-Oakland-Berkeley, CA",2016-02-29,1177062.663
San Francisco County,CA,"San Francisco-Oakland-Berkeley, CA",2016-03-31,1185241.175
San Francisco County,CA,"San Francisco-Oakland-Berkeley, CA",2016-04-30,1187390.897
San Francisco County,CA,"San Francisco-Oakland-Berkeley, CA",2016-05-31,1182296.077
San Francisco County,CA,"San Francisco-Oakland-Berkeley, CA",2016-06-30,1175760.213
San Francisco County,CA,"San Francisco-Oakland-Berkeley, CA",2016-07-31,1163916.522
San Francisco County,CA,"San Francisco-Oakland-Berkeley, CA",2016-08-31,1153025.794
San Francisco County,CA,"San Francisco-Oakland-Berkeley, CA",2016-09-30,1143322.945
San Francisco County,CA,"San Francisco-Oakland-Berkeley, CA",2016-10-31,1142150.216
San Francisco County,CA,"San Francisco-Oakland-Berkeley, CA",2016-11-30,1145636.022
San Francisco County,CA,"San Francisco-Oakland-Berkeley, CA",2016-12-31,1152405.703
San Francisco County,CA,"San Francisco-Oakland-Berkeley, CA",2017-01-31,1158897.076
San Francisco County,CA,"San Francisco-Oakland-Berkeley, CA",2017-02-28,1165466.593
San Francisco County,CA,"San Francisco-Oakland-Berkeley, CA",2017-03-31,1172148.064
San Francisco County,CA,"San Francisco-Oakland-Berkeley, CA",2017-04-30,1178510.755
San Francisco County,CA,"San Francisco-Oakland-Berkeley, CA",2017-05-31,1184967.92
San Francisco County,CA,"San Francisco-Oakland-Berkeley, CA",2017-06-30,1192773.749
San Francisco County,CA,"San Francisco-Oakland-Berkeley, CA",2017-07-31,1200134.653
San Francisco County,CA,"San Francisco-Oakland-Berkeley, CA",2017-08-31,1205862.578
San Francisco County,CA,"San Francisco-Oakland-Berkeley, CA",2017-09-30,1213071.836
San Francisco County,CA,"San Francisco-Oakland-Berkeley, CA",2017-10-31,1223277.051
San Francisco County,CA,"San Francisco-Oakland-Berkeley, CA",2017-11-30,1238330.086
San Francisco County,CA,"San Francisco-Oakland-Berkeley, CA",2017-12-31,1252856.949
San Francisco County,CA,"San Francisco-Oakland-Berkeley, CA",2018-01-31,1268509.422
San Francisco County,CA,"San Francisco-Oakland-Berkeley, CA",2018-02-28,1280010.775
San Francisco County,CA,"San Francisco-Oakland-Berkeley, CA",2018-03-31,1290660.609
San Francisco County,CA,"San Francisco-Oakland-Berkeley, CA",2018-04-30,1299677.891
San Francisco County,CA,"San Francisco-Oakland-Berkeley, CA",2018-05-31,1312691.915
San Francisco County,CA,"San Francisco-Oakland-Berkeley, CA",2018-06-30,1324614.32
San Francisco County,CA,"San Francisco-Oakland-Berkeley, CA",2018-07-31,1328754.959
San Francisco County,CA,"San Francisco-Oakland-Berkeley, CA",2018-08-31,1327338.416
San Francisco County,CA,"San Francisco-Oakland-Berkeley, CA",2018-09-30,1325151.989
San Francisco County,CA,"San Francisco-Oakland-Berkeley, CA",2018-10-31,1327060.513
San Francisco County,CA,"San Francisco-Oakland-Berkeley, CA",2018-11-30,1328424.358
San Francisco County,CA,"San Francisco-Oakland-Berkeley, CA",2018-12-31,1326131.881
San Francisco County,CA,"San Francisco-Oakland-Berkeley, CA",2019-01-31,1320984.062
San Francisco County,CA,"San Francisco-Oakland-Berkeley, CA",2019-02-28,1311939.577
San Francisco County,CA,"San Francisco-Oakland-Berkeley, CA",2019-03-31,1303044.752
San Francisco County,CA,"San Francisco-Oakland-Berkeley, CA",2019-04-30,1297726.172
San Francisco County,CA,"San Francisco-Oakland-Berkeley, CA",2019-05-31,1295700.085
San Francisco County,CA,"San Francisco-Oakland-Berkeley, CA",2019-06-30,1298598.679
San Francisco County,CA,"San Francisco-Oakland-Berkeley, CA",2019-07-31,1304771.625
San Francisco County,CA,"San Francisco-Oakland-Berkeley, CA",2019-08-31,1313793.227
San Francisco County,CA,"San Francisco-Oakland-Berkeley, CA",2019-09-30,1321818.368
San Francisco County,CA,"San Francisco-Oakland-Berkeley, CA",2019-10-31,1327521.648
San Francisco County,CA,"San Francisco-Oakland-Berkeley, CA",2019-11-30,1333497.196
San Francisco County,CA,"San Francisco-Oakland-Berkeley, CA",2019-12-31,1339539.233
San Francisco County,CA,"San Francisco-Oakland-Berkeley, CA",2020-01-31,1345888.768
San Francisco County,CA,"San Francisco-Oakland-Berkeley, CA",2020-02-29,1350787.088
San Francisco County,CA,"San Francisco-Oakland-Berkeley, CA",2020-03-31,1358594.273
San Francisco County,CA,"San Francisco-Oakland-Berkeley, CA",2020-04-30,1365136.446
San Francisco County,CA,"San Francisco-Oakland-Berkeley, CA",2020-05-31,1364380.451
San Francisco County,CA,"San Francisco-Oakland-Berkeley, CA",2020-06-30,1353702.007
San Francisco County,CA,"San Francisco-Oakland-Berkeley, CA",2020-07-31,1344183.641
San Francisco County,CA,"San Francisco-Oakland-Berkeley, CA",2020-08-31,1344619.008
San Francisco County,CA,"San Francisco-Oakland-Berkeley, CA",2020-09-30,1352083.377
San Francisco County,CA,"San Francisco-Oakland-Berkeley, CA",2020-10-31,1358102.515
San Francisco County,CA,"San Francisco-Oakland-Berkeley, CA",2020-11-30,1361216.461
San Francisco County,CA,"San Francisco-Oakland-Berkeley, CA",2020-12-31,1362640.627
San Francisco County,CA,"San Francisco-Oakland-Berkeley, CA",2021-01-31,1362585.039
San Francisco County,CA,"San Francisco-Oakland-Berkeley, CA",2021-02-28,1361289.369
San Francisco County,CA,"San Francisco-Oakland-Berkeley, CA",2021-03-31,1361991.676
San Francisco County,CA,"San Francisco-Oakland-Berkeley, CA",2021-04-30,1366602.13
San Francisco County,CA,"San Francisco-Oakland-Berkeley, CA",2021-05-31,1377047.181
San Francisco County,CA,"San Francisco-Oakland-Berkeley, CA",2021-06-30,1390089.541
San Francisco County,CA,"San Francisco-Oakland-Berkeley, CA",2021-07-31,1405961.191
San Francisco County,CA,"San Francisco-Oakland-Berkeley, CA",2021-08-31,1417374.626
San Francisco County,CA,"San Francisco-Oakland-Berkeley, CA",2021-09-30,1424220.034
San Francisco County,CA,"San Francisco-Oakland-Berkeley, CA",2021-10-31,1428473.83
San Francisco County,CA,"San Francisco-Oakland-Berkeley, CA",2021-11-30,1436726.221
San Francisco County,CA,"San Francisco-Oakland-Berkeley, CA",2021-12-31,1445059.177
San Francisco County,CA,"San Francisco-Oakland-Berkeley, CA",2022-01-31,1454220.984
San Francisco County,CA,"San Francisco-Oakland-Berkeley, CA",2022-02-28,1468566.608
San Francisco County,CA,"San Francisco-Oakland-Berkeley, CA",2022-03-31,1488613.391
San Francisco County,CA,"San Francisco-Oakland-Berkeley, CA",2022-04-30,1505951.597
San Francisco County,CA,"San Francisco-Oakland-Berkeley, CA",2022-05-31,1512259.337
San Francisco County,CA,"San Francisco-Oakland-Berkeley, CA",2022-06-30,1504654.137
San Francisco County,CA,"San Francisco-Oakland-Berkeley, CA",2022-07-31,1484747.02
San Francisco County,CA,"San Francisco-Oakland-Berkeley, CA",2022-08-31,1453864.021
San Francisco County,CA,"San Francisco-Oakland-Berkeley, CA",2022-09-30,1418697.142
San Francisco County,CA,"San Francisco-Oakland-Berkeley, CA",2022-10-31,1388346.668
San Francisco County,CA,"San Francisco-Oakland-Berkeley, CA",2022-11-30,1363763.673
San Francisco County,CA,"San Francisco-Oakland-Berkeley, CA",2022-12-31,1343544.237
San Francisco County,CA,"San Francisco-Oakland-Berkeley, CA",2023-01-31,1320476.085
San Francisco County,CA,"San Francisco-Oakland-Berkeley, CA",2023-02-28,1301007.063
San Francisco County,CA,"San Francisco-Oakland-Berkeley, CA",2023-03-31,1286178.803
San Francisco County,CA,"San Francisco-Oakland-Berkeley, CA",2023-04-30,1281278.462
San Francisco County,CA,"San Francisco-Oakland-Berkeley, CA",2023-05-31,1277980.479
San Francisco County,CA,"San Francisco-Oakland-Berkeley, CA",2023-06-30,1276833.5
San Francisco County,CA,"San Francisco-Oakland-Berkeley, CA",2023-07-31,1276413.962
San Francisco County,CA,"San Francisco-Oakland-Berkeley, CA",2023-08-31,1279156.752
San Francisco County,CA,"San Francisco-Oakland-Berkeley, CA",2023-09-30,1282136.062
San Francisco County,CA,"San Francisco-Oakland-Berkeley, CA",2023-10-31,1281832.913
San Francisco County,CA,"San Francisco-Oakland-Berkeley, CA",2023-11-30,1276987.51
San Francisco County,CA,"San Francisco-Oakland-Berkeley, CA",2023-12-31,1268662.761
San Francisco County,CA,"San Francisco-Oakland-Berkeley, CA",2024-01-31,1258584.756
San Francisco County,CA,"San Francisco-Oakland-Berkeley, CA",2024-02-29,1250429.147
San Francisco County,CA,"San Francisco-Oakland-Berkeley, CA",2024-03-31,1251604.224
San Francisco County,CA,"San Francisco-Oakland-Berkeley, CA",2024-04-30,1261185.806
San Francisco County,CA,"San Francisco-Oakland-Berkeley, CA",2024-05-31,1274381.433
San Francisco County,CA,"San Francisco-Oakland-Berkeley, CA",2024-06-30,1280994.937
San Francisco County,CA,"San Francisco-Oakland-Berkeley, CA",2024-07-31,1284598.738
San Francisco County,CA,"San Francisco-Oakland-Berkeley, CA",2024-08-31,1284519.039
San Francisco County,CA,"San Francisco-Oakland-Berkeley, CA",2024-09-30,1284499.48
San Francisco County,CA,"San Francisco-Oakland-Berkeley, CA",2024-10-31,1282523.723
San Francisco County,CA,"San Francisco-Oakland-Berkeley, CA",2024-11-30,1283301.048
San Francisco County,CA,"San Francisco-Oakland-Berkeley, CA",2024-12-31,1286103.995
San Francisco County,CA,"San Francisco-Oakland-Berkeley, CA",2025-01-31,1288532.484
San Francisco County,CA,"San Francisco-Oakland-Berkeley, CA",2025-02-28,1289113.605
San Francisco County,CA,"San Francisco-Oakland-Berkeley, CA",2025-03-31,1287568.373
San Francisco County,CA,"San Francisco-Oakland-Berkeley, CA",2025-04-30,1285964.97
San Francisco County,CA,"San Francisco-Oakland-Berkeley, CA",2025-05-31,1281539.451
San Francisco County,CA,"San Francisco-Oakland-Berkeley, CA",2025-06-30,1275265.575
San Francisco County,CA,"San Francisco-Oakland-Berkeley, CA",2025-07-31,1270566.15
San Francisco County,CA,"San Francisco-Oakland-Berkeley, CA",2025-08-31,1269019.17
San Francisco County,CA,"San Francisco-Oakland-Berkeley, CA",2025-09-30,1272918.374
San Francisco County,CA,"San Francisco-Oakland-Berkeley, CA",2025-10-31,1282017.619
San Francisco County,CA,"San Francisco-Oakland-Berkeley, CA",2025-11-30,1295166.852
San Francisco County,CA,"San Francisco-Oakland-Berkeley, CA",2025-12-31,1313151.525
San Mateo County,CA,"San Francisco-Oakland-Berkeley, CA",2010-01-31,656140.3387
San Mateo County,CA,"San Francisco-Oakland-Berkeley, CA",2010-02-28,658806.2598
San Mateo County,CA,"San Francisco-Oakland-Berkeley, CA",2010-03-31,657131.7273
San Mateo County,CA,"San Francisco-Oakland-Berkeley, CA",2010-04-30,657830.6025
San Mateo County,CA,"San Francisco-Oakland-Berkeley, CA",2010-05-31,658576.8455
San Mateo County,CA,"San Francisco-Oakland-Berkeley, CA",2010-06-30,658940.0411
San Mateo County,CA,"San Francisco-Oakland-Berkeley, CA",2010-07-31,655003.1137
San Mateo County,CA,"San Francisco-Oakland-Berkeley, CA",2010-08-31,654081.0859
San Mateo County,CA,"San Francisco-Oakland-Berkeley, CA",2010-09-30,646575.7009
San Mateo County,CA,"San Francisco-Oakland-Berkeley, CA",2010-10-31,638611.2604
San Mateo County,CA,"San Francisco-Oakland-Berkeley, CA",2010-11-30,627600.1898
San Mateo County,CA,"San Francisco-Oakland-Berkeley, CA",2010-12-31,621592.4913
San Mateo County,CA,"San Francisco-Oakland-Berkeley, CA",2011-01-31,616043.9194
San Mateo County,CA,"San Francisco-Oakland-Berkeley, CA",2011-02-28,610755.656
San Mateo County,CA,"San Francisco-Oakland-Berkeley, CA",2011-03-31,607639.6547
San Mateo County,CA,"San Francisco-Oakland-Berkeley, CA",2011-04-30,608624.6277
San Mateo County,CA,"San Francisco-Oakland-Berkeley, CA",2011-05-31,610075.1696
San Mateo County,CA,"San Francisco-Oakland-Berkeley, CA",2011-06-30,609922.2322
San Mateo County,CA,"San Francisco-Oakland-Berkeley, CA",2011-07-31,607213.7467
San Mateo County,CA,"San Francisco-Oakland-Berkeley, CA",2011-08-31,598060.9917
San Mateo County,CA,"San Francisco-Oakland-Berkeley, CA",2011-09-30,589594.2087
San Mateo County,CA,"San Francisco-Oakland-Berkeley, CA",2011-10-31,583344.2894
San Mateo County,CA,"San Francisco-Oakland-Berkeley, CA",2011-11-30,583092.8096
San Mateo County,CA,"San Francisco-Oakland-Berkeley, CA",2011-12-31,583806.6827
San Mateo County,CA,"San Francisco-Oakland-Berkeley, CA",2012-01-31,582546.5058
San Mateo County,CA,"San Francisco-Oakland-Berkeley, CA",2012-02-29,583246.6081
San Mateo County,CA,"San Francisco-Oakland-Berkeley, CA",2012-03-31,584357.4052
San Mateo County,CA,"San Francisco-Oakland-Berkeley, CA",2012-04-30,588751.5079
San Mateo County,CA,"San Francisco-Oakland-Berkeley, CA",2012-05-31,594831.6377
San Mateo County,CA,"San Francisco-Oakland-Berkeley, CA",2012-06-30,602747.0692
San Mateo County,CA,"San Francisco-Oakland-Berkeley, CA",2012-07-31,612821.3304
San Mateo County,CA,"San Francisco-Oakland-Berkeley, CA",2012-08-31,625009.0868
San Mateo County,CA,"San Francisco-Oakland-Berkeley, CA",2012-09-30,639378.9798
San Mateo County,CA,"San Francisco-Oakland-Berkeley, CA",2012-10-31,652170.4694
San Mateo County,CA,"San Francisco-Oakland-Berkeley, CA",2012-11-30,663771.1412
San Mateo County,CA,"San Francisco-Oakland-Berkeley, CA",2012-12-31,673554.6173
San Mateo County,CA,"San Francisco-Oakland-Berkeley, CA",2013-01-31,683801.4056
San Mateo County,CA,"San Francisco-Oakland-Berkeley, CA",2013-02-28,693694.018
San Mateo County,CA,"San Francisco-Oakland-Berkeley, CA",2013-03-31,703366.6806
San Mateo County,CA,"San Francisco-Oakland-Berkeley, CA",2013-04-30,714400.3989
San Mateo County,CA,"San Francisco-Oakland-Berkeley, CA",2013-05-31,728376.4473
San Mateo County,CA,"San Francisco-Oakland-Berkeley, CA",2013-06-30,743198.7266
San Mateo County,CA,"San Francisco-Oakland-Berkeley, CA",2013-07-31,757027.0877
San Mateo County,CA,"San Francisco-Oakland-Berkeley, CA",2013-08-31,767646.7003
San Mateo County,CA,"San Francisco-Oakland-Berkeley, CA",2013-09-30,779102.7786
San Mateo County,CA,"San Francisco-Oakland-Berkeley, CA",2013-10-31,788859.0864
San Mateo County,CA,"San Francisco-Oakland-Berkeley, CA",2013-11-30,797825.9226
San Mateo County,CA,"San Francisco-Oakland-Berkeley, CA",2013-12-31,805366.5002
San Mateo County,CA,"San Francisco-Oakland-Berkeley, CA",2014-01-31,813296.1244
San Mateo County,CA,"San Francisco-Oakland-Berkeley, CA",2014-02-28,821174.8301
San Mateo County,CA,"San Francisco-Oakland-Berkeley, CA",2014-03-31,828395.9912
San Mateo County,CA,"San Francisco-Oakland-Berkeley, CA",2014-04-30,838034.292
San Mateo County,CA,"San Francisco-Oakland-Berkeley, CA",2014-05-31,848007.7052
San Mateo County,CA,"San Francisco-Oakland-Berkeley, CA",2014-06-30,856450.6846
San Mateo County,CA,"San Francisco-Oakland-Berkeley, CA",2014-07-31,861601.9368
San Mateo County,CA,"San Francisco-Oakland-Berkeley, CA",2014-08-31,866064.7678
San Mateo County,CA,"San Francisco-Oakland-Berkeley, CA",2014-09-30,874826.5913
San Mateo County,CA,"San Francisco-Oakland-Berkeley, CA",2014-10-31,884362.9643
San Mateo County,CA,"San Francisco-Oakland-Berkeley, CA",2014-11-30,896527.5766
San Mateo County,CA,"San Francisco-Oakland-Berkeley, CA",2014-12-31,907302.1588
San Mateo County,CA,"San Francisco-Oakland-Berkeley, CA",2015-01-31,920547.181
San Mateo County,CA,"San Francisco-Oakland-Berkeley, CA",2015-02-28,933932.2382
San Mateo County,CA,"San Francisco-Oakland-Berkeley, CA",2015-03-31,947264.8071
San Mateo County,CA,"San Francisco-Oakland-Berkeley, CA",2015-04-30,959240.98
San Mateo County,CA,"San Francisco-Oakland-Berkeley, CA",2015-05-31,972259.3766
San Mateo County,CA,"San Francisco-Oakland-Berkeley, CA",2015-06-30,984994.3744
San Mateo County,CA,"San Francisco-Oakland-Berkeley, CA",2015-07-31,997876.4661
San Mateo County,CA,"San Francisco-Oakland-Berkeley, CA",2015-08-31,1010730.392
San Mateo County,CA,"San Francisco-Oakland-Berkeley, CA",2015-09-30,1027205.716
San Mateo County,CA,"San Francisco-Oakland-Berkeley, CA",2015-10-31,1043205.349
San Mateo County,CA,"San Francisco-Oakland-Berkeley, CA",2015-11-30,1057564.159
San Mateo County,CA,"San Francisco-Oakland-Berkeley, CA",2015-12-31,1068465.129
San Mateo County,CA,"San Francisco-Oakland-Berkeley, CA",2016-01-31,1081420.167
San Mateo County,CA,"San Francisco-Oakland-Berkeley, CA",2016-02-29,1096302.76
San Mateo County,CA,"San Francisco-Oakland-Berkeley, CA",2016-03-31,1107784.576
San Mateo County,CA,"San Francisco-Oakland-Berkeley, CA",2016-04-30,1113889.436
San Mateo County,CA,"San Francisco-Oakland-Berkeley, CA",2016-05-31,1112506.899
San Mateo County,CA,"San Francisco-Oakland-Berkeley, CA",2016-06-30,1109150.414
San Mateo County,CA,"San Francisco-Oakland-Berkeley, CA",2016-07-31,1104143.6
San Mateo County,CA,"San Francisco-Oakland-Berkeley, CA",2016-08-31,1101251.699
San Mateo County,CA,"San Francisco-Oakland-Berkeley, CA",2016-09-30,1099913.787
San Mateo County,CA,"San Francisco-Oakland-Berkeley, CA",2016-10-31,1100855.411
San Mateo County,CA,"San Francisco-Oakland-Berkeley, CA",2016-11-30,1103839.313
San Mateo County,CA,"San Francisco-Oakland-Berkeley, CA",2016-12-31,1111204.886
San Mateo County,CA,"San Francisco-Oakland-Berkeley, CA",2017-01-31,1120463.695
San Mateo County,CA,"San Francisco-Oakland-Berkeley, CA",2017-02-28,1130459.083
San Mateo County,CA,"San Francisco-Oakland-Berkeley, CA",2017-03-31,1137761.588
San Mateo County,CA,"San Francisco-Oakland-Berkeley, CA",2017-04-30,1145464.574
San Mateo County,CA,"San Francisco-Oakland-Berkeley, CA",2017-05-31,1152157.017
San Mateo County,CA,"San Francisco-Oakland-Berkeley, CA",2017-06-30,1161192.877
San Mateo County,CA,"San Francisco-Oakland-Berkeley, CA",2017-07-31,1169220.398
San Mateo County,CA,"San Francisco-Oakland-Berkeley, CA",2017-08-31,1177373.881
San Mateo County,CA,"San Francisco-Oakland-Berkeley, CA",2017-09-30,1188731.617
San Mateo County,CA,"San Francisco-Oakland-Berkeley, CA",2017-10-31,1203690.694
San Mateo County,CA,"San Francisco-Oakland-Berkeley, CA",2017-11-30,1221498.001
San Mateo County,CA,"San Francisco-Oakland-Berkeley, CA",2017-12-31,1240986.105
San Mateo County,CA,"San Francisco-Oakland-Berkeley, CA",2018-01-31,1262939.859
San Mateo County,CA,"San Francisco-Oakland-Berkeley, CA",2018-02-28,1285096.943
San Mateo County,CA,"San Francisco-Oakland-Berkeley, CA",2018-03-31,1303964.089
San Mateo County,CA,"San Francisco-Oakland-Berkeley, CA",2018-04-30,1319967.831
San Mateo County,CA,"San Francisco-Oakland-Berkeley, CA",2018-05-31,1335800.745
San Mateo County,CA,"San Francisco-Oakland-Berkeley, CA",2018-06-30,1347600.567
San Mateo County,CA,"San Francisco-Oakland-Berkeley, CA",2018-07-31,1352841.359
San Mateo County,CA,"San Francisco-Oakland-Berkeley, CA",2018-08-31,1354232.221
San Mateo County,CA,"San Francisco-Oakland-Berkeley, CA",2018-09-30,1356593.06
San Mateo County,CA,"San Francisco-Oakland-Berkeley, CA",2018-10-31,1361596.286
San Mateo County,CA,"San Francisco-Oakland-Berkeley, CA",2018-11-30,1364279.803
San Mateo County,CA,"San Francisco-Oakland-Berkeley, CA",2018-12-31,1361183.572
San Mateo County,CA,"San Francisco-Oakland-Berkeley, CA",2019-01-31,1354608.956
San Mateo County,CA,"San Francisco-Oakland-Berkeley, CA",2019-02-28,1342530.826
San Mateo County,CA,"San Francisco-Oakland-Berkeley, CA",2019-03-31,1330236.068
San Mateo County,CA,"San Francisco-Oakland-Berkeley, CA",2019-04-30,1319777.216
San Mateo County,CA,"San Francisco-Oakland-Berkeley, CA",2019-05-31,1313855.24
San Mateo County,CA,"San Francisco-Oakland-Berkeley, CA",2019-06-30,1312032.58
San Mateo County,CA,"San Francisco-Oakland-Berkeley, CA",2019-07-31,1313709.033
San Mateo County,CA,"San Francisco-Oakland-Berkeley, CA",2019-08-31,1319569.834
San Mateo County,CA,"San Francisco-Oakland-Berkeley, CA",2019-09-30,1326810.705
San Mateo County,CA,"San Francisco-Oakland-Berkeley, CA",2019-10-31,1330774.035
San Mateo County,CA,"San Francisco-Oakland-Berkeley, CA",2019-11-30,1334963.865
San Mateo County,CA,"San Francisco-Oakland-Berkeley, CA",2019-12-31,1337655.717
San Mateo County,CA,"San Francisco-Oakland-Berkeley, CA",2020-01-31,1341803.446
San Mateo County,CA,"San Francisco-Oakland-Berkeley, CA",2020-02-29,1345775.039
San Mateo County,CA,"San Francisco-Oakland-Berkeley, CA",2020-03-31,1353347.807
San Mateo County,CA,"San Francisco-Oakland-Berkeley, CA",2020-04-30,1360515.67
San Mateo County,CA,"San Francisco-Oakland-Berkeley, CA",2020-05-31,1361465.388
San Mateo County,CA,"San Francisco-Oakland-Berkeley, CA",2020-06-30,1354767.273
San Mateo County,CA,"San Francisco-Oakland-Berkeley, CA",2020-07-31,1348522.061
San Mateo County,CA,"San Francisco-Oakland-Berkeley, CA",2020-08-31,1348367.586
San Mateo County,CA,"San Francisco-Oakland-Berkeley, CA",2020-09-30,1356869.323
San Mateo County,CA,"San Francisco-Oakland-Berkeley, CA",2020-10-31,1368659.988
San Mateo County,CA,"San Francisco-Oakland-Berkeley, CA",2020-11-30,1384048.56
San Mateo County,CA,"San Francisco-Oakland-Berkeley, CA",2020-12-31,1399153.486
San Mateo County,CA,"San Francisco-Oakland-Berkeley, CA",2021-01-31,1412394.747
San Mateo County,CA,"San Francisco-Oakland-Berkeley, CA",2021-02-28,1424160.433
San Mateo County,CA,"San Francisco-Oakland-Berkeley, CA",2021-03-31,1436063.763
San Mateo County,CA,"San Francisco-Oakland-Berkeley, CA",2021-04-30,1451724.643
San Mateo County,CA,"San Francisco-Oakland-Berkeley, CA",2021-05-31,1469612.421
San Mateo County,CA,"San Francisco-Oakland-Berkeley, CA",2021-06-30,1488913.516
San Mateo County,CA,"San Francisco-Oakland-Berkeley, CA",2021-07-31,1503388.138
San Mateo County,CA,"San Francisco-Oakland-Berkeley, CA",2021-08-31,1510205.241
San Mateo County,CA,"San Francisco-Oakland-Berkeley, CA",2021-09-30,1510949.365
San Mateo County,CA,"San Francisco-Oakland-Berkeley, CA",2021-10-31,1514990.765
San Mateo County,CA,"San Francisco-Oakland-Berkeley, CA",2021-11-30,1524461.955
San Mateo County,CA,"San Francisco-Oakland-Berkeley, CA",2021-12-31,1539347.158
San Mateo County,CA,"San Francisco-Oakland-Berkeley, CA",2022-01-31,1564532.447
San Mateo County,CA,"San Francisco-Oakland-Berkeley, CA",2022-02-28,1602264.852
San Mateo County,CA,"San Francisco-Oakland-Berkeley, CA",2022-03-31,1647097.213
San Mateo County,CA,"San Francisco-Oakland-Berkeley, CA",2022-04-30,1680868.082
San Mateo County,CA,"San Francisco-Oakland-Berkeley, CA",2022-05-31,1698361.4
San Mateo County,CA,"San Francisco-Oakland-Berkeley, CA",2022-06-30,1698466.155
San Mateo County,CA,"San Francisco-Oakland-Berkeley, CA",2022-07-31,1681997.955
San Mateo County,CA,"San Francisco-Oakland-Berkeley, CA",2022-08-31,1649026.77
San Mateo County,CA,"San Francisco-Oakland-Berkeley, CA",2022-09-30,1610314.562
San Mateo County,CA,"San Francisco-Oakland-Berkeley, CA",2022-10-31,1578433.188
San Mateo County,CA,"San Francisco-Oakland-Berkeley, CA",2022-11-30,1556603.376
San Mateo County,CA,"San Francisco-Oakland-Berkeley, CA",2022-12-31,1540273.401
San Mateo County,CA,"San Francisco-Oakland-Berkeley, CA",2023-01-31,1520860.504
San Mateo County,CA,"San Francisco-Oakland-Berkeley, CA",2023-02-28,1504115.532
San Mateo County,CA,"San Francisco-Oakland-Berkeley, CA",2023-03-31,1490499.719
San Mateo County,CA,"San Francisco-Oakland-Berkeley, CA",2023-04-30,1486731.825
San Mateo County,CA,"San Francisco-Oakland-Berkeley, CA",2023-05-31,1488007.834
San Mateo County,CA,"San Francisco-Oakland-Berkeley, CA",2023-06-30,1493643.071
San Mateo County,CA,"San Francisco-Oakland-Berkeley, CA",2023-07-31,1502384.686
San Mateo County,CA,"San Francisco-Oakland-Berkeley, CA",2023-08-31,1512697.979
San Mateo County,CA,"San Francisco-Oakland-Berkeley, CA",2023-09-30,1522284.384
San Mateo County,CA,"San Francisco-Oakland-Berkeley, CA",2023-10-31,1528131.257
San Mateo County,CA,"San Francisco-Oakland-Berkeley, CA",2023-11-30,1527847.248
San Mateo County,CA,"San Francisco-Oakland-Berkeley, CA",2023-12-31,1521648.155
San Mateo County,CA,"San Francisco-Oakland-Berkeley, CA",2024-01-31,1512647.294
San Mateo County,CA,"San Francisco-Oakland-Berkeley, CA",2024-02-29,1506712.477
San Mateo County,CA,"San Francisco-Oakland-Berkeley, CA",2024-03-31,1513426.363
San Mateo County,CA,"San Francisco-Oakland-Berkeley, CA",2024-04-30,1530645.672
San Mateo County,CA,"San Francisco-Oakland-Berkeley, CA",2024-05-31,1550655.946
San Mateo County,CA,"San Francisco-Oakland-Berkeley, CA",2024-06-30,1562564.296
San Mateo County,CA,"San Francisco-Oakland-Berkeley, CA",2024-07-31,1567918.434
San Mateo County,CA,"San Francisco-Oakland-Berkeley, CA",2024-08-31,1568750.032
San Mateo County,CA,"San Francisco-Oakland-Berkeley, CA",2024-09-30,1568832.887
San Mateo County,CA,"San Francisco-Oakland-Berkeley, CA",2024-10-31,1567894.161
San Mateo County,CA,"San Francisco-Oakland-Berkeley, CA",2024-11-30,1571666.125
San Mateo County,CA,"San Francisco-Oakland-Berkeley, CA",2024-12-31,1578841.351
San Mateo County,CA,"San Francisco-Oakland-Berkeley, CA",2025-01-31,1584663.581
San Mateo County,CA,"San Francisco-Oakland-Berkeley, CA",2025-02-28,1586992.72
San Mateo County,CA,"San Francisco-Oakland-Berkeley, CA",2025-03-31,1586504.437
San Mateo County,CA,"San Francisco-Oakland-Berkeley, CA",2025-04-30,1584939.387
San Mateo County,CA,"San Francisco-Oakland-Berkeley, CA",2025-05-31,1579370.905
San Mateo County,CA,"San Francisco-Oakland-Berkeley, CA",2025-06-30,1569604.895
San Mateo County,CA,"San Francisco-Oakland-Berkeley, CA",2025-07-31,1562475.168
San Mateo County,CA,"San Francisco-Oakland-Berkeley, CA",2025-08-31,1557278.528
San Mateo County,CA,"San Francisco-Oakland-Berkeley, CA",2025-09-30,1557695.975
San Mateo County,CA,"San Francisco-Oakland-Berkeley, CA",2025-10-31,1561323.993
San Mateo County,CA,"San Francisco-Oakland-Berkeley, CA",2025-11-30,1567800.037
San Mateo County,CA,"San Francisco-Oakland-Berkeley, CA",2025-12-31,1575976.557
Sonoma County,CA,"Santa Rosa-Petaluma, CA",2010-01-31,399349.8769
Sonoma County,CA,"Santa Rosa-Petaluma, CA",2010-02-28,401870.1993
Sonoma County,CA,"Santa Rosa-Petaluma, CA",2010-03-31,403146.4535
Sonoma County,CA,"Santa Rosa-Petaluma, CA",2010-04-30,404551.7289
Sonoma County,CA,"Santa Rosa-Petaluma, CA",2010-05-31,403688.2019
Sonoma County,CA,"Santa Rosa-Petaluma, CA",2010-06-30,402303.0151
Sonoma County,CA,"Santa Rosa-Petaluma, CA",2010-07-31,399634.7865
Sonoma County,CA,"Santa Rosa-Petaluma, CA",2010-08-31,395716.3818
Sonoma County,CA,"Santa Rosa-Petaluma, CA",2010-09-30,391839.3938
Sonoma County,CA,"Santa Rosa-Petaluma, CA",2010-10-31,388148.5026
Sonoma County,CA,"Santa Rosa-Petaluma, CA",2010-11-30,386626.3541
Sonoma County,CA,"Santa Rosa-Petaluma, CA",2010-12-31,385563.3186
Sonoma County,CA,"Santa Rosa-Petaluma, CA",2011-01-31,383924.493
Sonoma County,CA,"Santa Rosa-Petaluma, CA",2011-02-28,381650.4373
Sonoma County,CA,"Santa Rosa-Petaluma, CA",2011-03-31,379198.9696
Sonoma County,CA,"Santa Rosa-Petaluma, CA",2011-04-30,376857.5544
Sonoma County,CA,"Santa Rosa-Petaluma, CA",2011-05-31,373800.5818
Sonoma County,CA,"Santa Rosa-Petaluma, CA",2011-06-30,369051.9551
Sonoma County,CA,"Santa Rosa-Petaluma, CA",2011-07-31,364636.2313
Sonoma County,CA,"Santa Rosa-Petaluma, CA",2011-08-31,359407.1025
Sonoma County,CA,"Santa Rosa-Petaluma, CA",2011-09-30,355075.1738
Sonoma County,CA,"Santa Rosa-Petaluma, CA",2011-10-31,351175.9915
Sonoma County,CA,"Santa Rosa-Petaluma, CA",2011-11-30,348073.3496
Sonoma County,CA,"Santa Rosa-Petaluma, CA",2011-12-31,344947.6247
Sonoma County,CA,"Santa Rosa-Petaluma, CA",2012-01-31,342711.7797
Sonoma County,CA,"Santa Rosa-Petaluma, CA",2012-02-29,342075.8434
Sonoma County,CA,"Santa Rosa-Petaluma, CA",2012-03-31,342573.1457
Sonoma County,CA,"Santa Rosa-Petaluma, CA",2012-04-30,342552.5907
Sonoma County,CA,"Santa Rosa-Petaluma, CA",2012-05-31,342240.3685
Sonoma County,CA,"Santa Rosa-Petaluma, CA",2012-06-30,342884.7051
Sonoma County,CA,"Santa Rosa-Petaluma, CA",2012-07-31,344406.9358
Sonoma County,CA,"Santa Rosa-Petaluma, CA",2012-08-31,347265.3593
Sonoma County,CA,"Santa Rosa-Petaluma, CA",2012-09-30,350959.7492
Sonoma County,CA,"Santa Rosa-Petaluma, CA",2012-10-31,355681.5128
Sonoma County,CA,"Santa Rosa-Petaluma, CA",2012-11-30,360502.3448
Sonoma County,CA,"Santa Rosa-Petaluma, CA",2012-12-31,365586.4774
Sonoma County,CA,"Santa Rosa-Petaluma, CA",2013-01-31,371596.0004
Sonoma County,CA,"Santa Rosa-Petaluma, CA",2013-02-28,378585.0864
Sonoma County,CA,"Santa Rosa-Petaluma, CA",2013-03-31,385832.7381
Sonoma County,CA,"Santa Rosa-Petaluma, CA",2013-04-30,392746.9521
Sonoma County,CA,"Santa Rosa-Petaluma, CA",2013-05-31,400204.6613
Sonoma County,CA,"Santa Rosa-Petaluma, CA",2013-06-30,408651.0683
Sonoma County,CA,"Santa Rosa-Petaluma, CA",2013-07-31,416760.8214
Sonoma County,CA,"Santa Rosa-Petaluma, CA",2013-08-31,423815.7095
Sonoma County,CA,"Santa Rosa-Petaluma, CA",2013-09-30,430427.9799
Sonoma County,CA,"Santa Rosa-Petaluma, CA",2013-10-31,436880.6759
Sonoma County,CA,"Santa Rosa-Petaluma, CA",2013-11-30,442772.6718
Sonoma County,CA,"Santa Rosa-Petaluma, CA",2013-12-31,446872.5012
Sonoma County,CA,"Santa Rosa-Petaluma, CA",2014-01-31,452209.2397
Sonoma County,CA,"Santa Rosa-Petaluma, CA",2014-02-28,459166.1342
Sonoma County,CA,"Santa Rosa-Petaluma, CA",2014-03-31,466682.8742
Sonoma County,CA,"Santa Rosa-Petaluma, CA",2014-04-30,472815.7873
Sonoma County,CA,"Santa Rosa-Petaluma, CA",2014-05-31,477263.3369
Sonoma County,CA,"Santa Rosa-Petaluma, CA",2014-06-30,480906.095
Sonoma County,CA,"Santa Rosa-Petaluma, CA",2014-07-31,483474.8467
Sonoma County,CA,"Santa Rosa-Petaluma, CA",2014-08-31,484934.6836
Sonoma County,CA,"Santa Rosa-Petaluma, CA",2014-09-30,486838.1306
Sonoma County,CA,"Santa Rosa-Petaluma, CA",2014-10-31,489099.0392
Sonoma County,CA,"Santa Rosa-Petaluma, CA",2014-11-30,492447.5418
Sonoma County,CA,"Santa Rosa-Petaluma, CA",2014-12-31,495834.7178
Sonoma County,CA,"Santa Rosa-Petaluma, CA",2015-01-31,500339.0843
Sonoma County,CA,"Santa Rosa-Petaluma, CA",2015-02-28,505733.262
Sonoma County,CA,"Santa Rosa-Petaluma, CA",2015-03-31,511427.3762
Sonoma County,CA,"Santa Rosa-Petaluma, CA",2015-04-30,516822.7275
Sonoma County,CA,"Santa Rosa-Petaluma, CA",2015-05-31,521656.8231
Sonoma County,CA,"Santa Rosa-Petaluma, CA",2015-06-30,525597.023
Sonoma County,CA,"Santa Rosa-Petaluma, CA",2015-07-31,528949.0294
Sonoma County,CA,"Santa Rosa-Petaluma, CA",2015-08-31,532823.4385
Sonoma County,CA,"Santa Rosa-Petaluma, CA",2015-09-30,538522.2248
Sonoma County,CA,"Santa Rosa-Petaluma, CA",2015-10-31,545251.772
Sonoma County,CA,"Santa Rosa-Petaluma, CA",2015-11-30,551728.1126
Sonoma County,CA,"Santa Rosa-Petaluma, CA",2015-12-31,557494.1511
Sonoma County,CA,"Santa Rosa-Petaluma, CA",2016-01-31,562660.9814
Sonoma County,CA,"Santa Rosa-Petaluma, CA",2016-02-29,567585.8881
Sonoma County,CA,"Santa Rosa-Petaluma, CA",2016-03-31,571307.2245
Sonoma County,CA,"Santa Rosa-Petaluma, CA",2016-04-30,574053.8146
Sonoma County,CA,"Santa Rosa-Petaluma, CA",2016-05-31,575274.8133
Sonoma County,CA,"Santa Rosa-Petaluma, CA",2016-06-30,577373.9933
Sonoma County,CA,"Santa Rosa-Petaluma, CA",2016-07-31,580017.0639
Sonoma County,CA,"Santa Rosa-Petaluma, CA",2016-08-31,582916.1075
Sonoma County,CA,"Santa Rosa-Petaluma, CA",2016-09-30,583994.1342
Sonoma County,CA,"Santa Rosa-Petaluma, CA",2016-10-31,585561.7554
Sonoma County,CA,"Santa Rosa-Petaluma, CA",2016-11-30,588502.5748
Sonoma County,CA,"Santa Rosa-Petaluma, CA",2016-12-31,592956.237
Sonoma County,CA,"Santa Rosa-Petaluma, CA",2017-01-31,597189.62
Sonoma County,CA,"Santa Rosa-Petaluma, CA",2017-02-28,601088.7151
Sonoma County,CA,"Santa Rosa-Petaluma, CA",2017-03-31,604459.6112
Sonoma County,CA,"Santa Rosa-Petaluma, CA",2017-04-30,608055.9987
Sonoma County,CA,"Santa Rosa-Petaluma, CA",2017-05-31,611461.5296
Sonoma County,CA,"Santa Rosa-Petaluma, CA",2017-06-30,616060.1331
Sonoma County,CA,"Santa Rosa-Petaluma, CA",2017-07-31,618877.1969
Sonoma County,CA,"Santa Rosa-Petaluma, CA",2017-08-31,621862.0978
Sonoma County,CA,"Santa Rosa-Petaluma, CA",2017-09-30,625016.6408
Sonoma County,CA,"Santa Rosa-Petaluma, CA",2017-10-31,629577.2939
Sonoma County,CA,"Santa Rosa-Petaluma, CA",2017-11-30,634489.656
Sonoma County,CA,"Santa Rosa-Petaluma, CA",2017-12-31,640291.7819
Sonoma County,CA,"Santa Rosa-Petaluma, CA",2018-01-31,648217.6873
Sonoma County,CA,"Santa Rosa-Petaluma, CA",2018-02-28,656785.9626
Sonoma County,CA,"Santa Rosa-Petaluma, CA",2018-03-31,665341.2681
Sonoma County,CA,"Santa Rosa-Petaluma, CA",2018-04-30,672682.1565
Sonoma County,CA,"Santa Rosa-Petaluma, CA",2018-05-31,680050.5555
Sonoma County,CA,"Santa Rosa-Petaluma, CA",2018-06-30,685562.035
Sonoma County,CA,"Santa Rosa-Petaluma, CA",2018-07-31,688174.6101
Sonoma County,CA,"Santa Rosa-Petaluma, CA",2018-08-31,688845.7955
Sonoma County,CA,"Santa Rosa-Petaluma, CA",2018-09-30,687755.2175
Sonoma County,CA,"Santa Rosa-Petaluma, CA",2018-10-31,686951.2379
Sonoma County,CA,"Santa Rosa-Petaluma, CA",2018-11-30,684349.6499
Sonoma County,CA,"Santa Rosa-Petaluma, CA",2018-12-31,681167.3184
Sonoma County,CA,"Santa Rosa-Petaluma, CA",2019-01-31,678072.1685
Sonoma County,CA,"Santa Rosa-Petaluma, CA",2019-02-28,675951.2071
Sonoma County,CA,"Santa Rosa-Petaluma, CA",2019-03-31,675163.1585
Sonoma County,CA,"Santa Rosa-Petaluma, CA",2019-04-30,674784.3434
Sonoma County,CA,"Santa Rosa-Petaluma, CA",2019-05-31,674768.5305
Sonoma County,CA,"Santa Rosa-Petaluma, CA",2019-06-30,674659.2341
Sonoma County,CA,"Santa Rosa-Petaluma, CA",2019-07-31,673991.7337
Sonoma County,CA,"Santa Rosa-Petaluma, CA",2019-08-31,673604.4509
Sonoma County,CA,"Santa Rosa-Petaluma, CA",2019-09-30,673522.2273
Sonoma County,CA,"Santa Rosa-Petaluma, CA",2019-10-31,673666.01
Sonoma County,CA,"Santa Rosa-Petaluma, CA",2019-11-30,674025.2211
Sonoma County,CA,"Santa Rosa-Petaluma, CA",2019-12-31,674294.5485
Sonoma County,CA,"Santa Rosa-Petaluma, CA",2020-01-31,675549.0541
Sonoma County,CA,"Santa Rosa-Petaluma, CA",2020-02-29,678342.033
Sonoma County,CA,"Santa Rosa-Petaluma, CA",2020-03-31,681858.5614
Sonoma County,CA,"Santa Rosa-Petaluma, CA",2020-04-30,684494.39
Sonoma County,CA,"Santa Rosa-Petaluma, CA",2020-05-31,682803.4862
Sonoma County,CA,"Santa Rosa-Petaluma, CA",2020-06-30,679254.5791
Sonoma County,CA,"Santa Rosa-Petaluma, CA",2020-07-31,675990.1307
Sonoma County,CA,"Santa Rosa-Petaluma, CA",2020-08-31,676890.8502
Sonoma County,CA,"Santa Rosa-Petaluma, CA",2020-09-30,681418.6389
Sonoma County,CA,"Santa Rosa-Petaluma, CA",2020-10-31,688320.8784
Sonoma County,CA,"Santa Rosa-Petaluma, CA",2020-11-30,696194.245
Sonoma County,CA,"Santa Rosa-Petaluma, CA",2020-12-31,704208.7472
Sonoma County,CA,"Santa Rosa-Petaluma, CA",2021-01-31,711781.8682
Sonoma County,CA,"Santa Rosa-Petaluma, CA",2021-02-28,720070.0207
Sonoma County,CA,"Santa Rosa-Petaluma, CA",2021-03-31,729299.3277
Sonoma County,CA,"Santa Rosa-Petaluma, CA",2021-04-30,740320.0866
Sonoma County,CA,"Santa Rosa-Petaluma, CA",2021-05-31,752043.6659
Sonoma County,CA,"Santa Rosa-Petaluma, CA",2021-06-30,761951.2622
Sonoma County,CA,"Santa Rosa-Petaluma, CA",2021-07-31,769353.3105
Sonoma County,CA,"Santa Rosa-Petaluma, CA",2021-08-31,771580.9417
Sonoma County,CA,"Santa Rosa-Petaluma, CA",2021-09-30,770940.7827
Sonoma County,CA,"Santa Rosa-Petaluma, CA",2021-10-31,769219.9187
Sonoma County,CA,"Santa Rosa-Petaluma, CA",2021-11-30,769293.6547
Sonoma County,CA,"Santa Rosa-Petaluma, CA",2021-12-31,771784.7277
Sonoma County,CA,"Santa Rosa-Petaluma, CA",2022-01-31,778971.8885
Sonoma County,CA,"Santa Rosa-Petaluma, CA",2022-02-28,790693.4353
Sonoma County,CA,"Santa Rosa-Petaluma, CA",2022-03-31,806679.5095
Sonoma County,CA,"Santa Rosa-Petaluma, CA",2022-04-30,820280.0837
Sonoma County,CA,"Santa Rosa-Petaluma, CA",2022-05-31,829921.9472
Sonoma County,CA,"Santa Rosa-Petaluma, CA",2022-06-30,832644.2572
Sonoma County,CA,"Santa Rosa-Petaluma, CA",2022-07-31,829391.1385
Sonoma County,CA,"Santa Rosa-Petaluma, CA",2022-08-31,822042.7202
Sonoma County,CA,"Santa Rosa-Petaluma, CA",2022-09-30,814091.0144
Sonoma County,CA,"Santa Rosa-Petaluma, CA",2022-10-31,809505.8342
Sonoma County,CA,"Santa Rosa-Petaluma, CA",2022-11-30,806185.3791
Sonoma County,CA,"Santa Rosa-Petaluma, CA",2022-12-31,803333.5239
Sonoma County,CA,"Santa Rosa-Petaluma, CA",2023-01-31,798975.9416
Sonoma County,CA,"Santa Rosa-Petaluma, CA",2023-02-28,796017.3078
Sonoma County,CA,"Santa Rosa-Petaluma, CA",2023-03-31,795713.4433
Sonoma County,CA,"Santa Rosa-Petaluma, CA",2023-04-30,798112.7673
Sonoma County,CA,"Santa Rosa-Petaluma, CA",2023-05-31,802733.8751
Sonoma County,CA,"Santa Rosa-Petaluma, CA",2023-06-30,807669.7322
Sonoma County,CA,"Santa Rosa-Petaluma, CA",2023-07-31,812813.0322
Sonoma County,CA,"Santa Rosa-Petaluma, CA",2023-08-31,816623.1455
Sonoma County,CA,"Santa Rosa-Petaluma, CA",2023-09-30,818924.2165
Sonoma County,CA,"Santa Rosa-Petaluma, CA",2023-10-31,820455.934
Sonoma County,CA,"Santa Rosa-Petaluma, CA",2023-11-30,819824.9456
Sonoma County,CA,"Santa Rosa-Petaluma, CA",2023-12-31,818496.803
Sonoma County,CA,"Santa Rosa-Petaluma, CA",2024-01-31,816512.2415
Sonoma County,CA,"Santa Rosa-Petaluma, CA",2024-02-29,816642.275
Sonoma County,CA,"Santa Rosa-Petaluma, CA",2024-03-31,819349.479
Sonoma County,CA,"Santa Rosa-Petaluma, CA",2024-04-30,824452.3548
Sonoma County,CA,"Santa Rosa-Petaluma, CA",2024-05-31,828657.43
Sonoma County,CA,"Santa Rosa-Petaluma, CA",2024-06-30,829606.1206
Sonoma County,CA,"Santa Rosa-Petaluma, CA",2024-07-31,828615.8793
Sonoma County,CA,"Santa Rosa-Petaluma, CA",2024-08-31,827578.8373
Sonoma County,CA,"Santa Rosa-Petaluma, CA",2024-09-30,827458.3563
Sonoma County,CA,"Santa Rosa-Petaluma, CA",2024-10-31,826592.2393
Sonoma County,CA,"Santa Rosa-Petaluma, CA",2024-11-30,826432.5328
Sonoma County,CA,"Santa Rosa-Petaluma, CA",2024-12-31,826424.6272
Sonoma County,CA,"Santa Rosa-Petaluma, CA",2025-01-31,826054.2478
Sonoma County,CA,"Santa Rosa-Petaluma, CA",2025-02-28,824513.5176
Sonoma County,CA,"Santa Rosa-Petaluma, CA",2025-03-31,821720.9847
Sonoma County,CA,"Santa Rosa-Petaluma, CA",2025-04-30,818515.4342
Sonoma County,CA,"Santa Rosa-Petaluma, CA",2025-05-31,814914.0101
Sonoma County,CA,"Santa Rosa-Petaluma, CA",2025-06-30,810762.5386
Sonoma County,CA,"Santa Rosa-Petaluma, CA",2025-07-31,806635.7774
Sonoma County,CA,"Santa Rosa-Petaluma, CA",2025-08-31,802047.1023
Sonoma County,CA,"Santa Rosa-Petaluma, CA",2025-09-30,798930.0046
Sonoma County,CA,"Santa Rosa-Petaluma, CA",2025-10-31,798415.6497
Sonoma County,CA,"Santa Rosa-Petaluma, CA",2025-11-30,800009.4667
Sonoma County,CA,"Santa Rosa-Petaluma, CA",2025-12-31,802857.0108
Marin County,CA,"San Francisco-Oakland-Berkeley, CA",2010-01-31,678915.7799
Marin County,CA,"San Francisco-Oakland-Berkeley, CA",2010-02-28,681821.7209
Marin County,CA,"San Francisco-Oakland-Berkeley, CA",2010-03-31,682459.4196
Marin County,CA,"San Francisco-Oakland-Berkeley, CA",2010-04-30,678627.787
Marin County,CA,"San Francisco-Oakland-Berkeley, CA",2010-05-31,679059.7482
Marin County,CA,"San Francisco-Oakland-Berkeley, CA",2010-06-30,676814.198
Marin County,CA,"San Francisco-Oakland-Berkeley, CA",2010-07-31,679190.6653
Marin County,CA,"San Francisco-Oakland-Berkeley, CA",2010-08-31,679512.6913
Marin County,CA,"San Francisco-Oakland-Berkeley, CA",2010-09-30,676391.8692
Marin County,CA,"San Francisco-Oakland-Berkeley, CA",2010-10-31,671333.3947
Marin County,CA,"San Francisco-Oakland-Berkeley, CA",2010-11-30,663938.3043
Marin County,CA,"San Francisco-Oakland-Berkeley, CA",2010-12-31,657257.9541
Marin County,CA,"San Francisco-Oakland-Berkeley, CA",2011-01-31,653579.0452
Marin County,CA,"San Francisco-Oakland-Berkeley, CA",2011-02-28,650269.9485
Marin County,CA,"San Francisco-Oakland-Berkeley, CA",2011-03-31,646133.6681
Marin County,CA,"San Francisco-Oakland-Berkeley, CA",2011-04-30,635927.1442
Marin County,CA,"San Francisco-Oakland-Berkeley, CA",2011-05-31,624493.9943
Marin County,CA,"San Francisco-Oakland-Berkeley, CA",2011-06-30,616121.5202
Marin County,CA,"San Francisco-Oakland-Berkeley, CA",2011-07-31,610795.4471
Marin County,CA,"San Francisco-Oakland-Berkeley, CA",2011-08-31,606780.0762
Marin County,CA,"San Francisco-Oakland-Berkeley, CA",2011-09-30,605666.9458
Marin County,CA,"San Francisco-Oakland-Berkeley, CA",2011-10-31,603999.8403
Marin County,CA,"San Francisco-Oakland-Berkeley, CA",2011-11-30,603517.9602
Marin County,CA,"San Francisco-Oakland-Berkeley, CA",2011-12-31,601610.0536
Marin County,CA,"San Francisco-Oakland-Berkeley, CA",2012-01-31,597396.3405
Marin County,CA,"San Francisco-Oakland-Berkeley, CA",2012-02-29,596958.9928
Marin County,CA,"San Francisco-Oakland-Berkeley, CA",2012-03-31,601948.4813
Marin County,CA,"San Francisco-Oakland-Berkeley, CA",2012-04-30,615439.4305
Marin County,CA,"San Francisco-Oakland-Berkeley, CA",2012-05-31,628910.8685
Marin County,CA,"San Francisco-Oakland-Berkeley, CA",2012-06-30,640116.7724
Marin County,CA,"San Francisco-Oakland-Berkeley, CA",2012-07-31,647747.2455
Marin County,CA,"San Francisco-Oakland-Berkeley, CA",2012-08-31,656292.6471
Marin County,CA,"San Francisco-Oakland-Berkeley, CA",2012-09-30,665337.7516
Marin County,CA,"San Francisco-Oakland-Berkeley, CA",2012-10-31,675941.4695
Marin County,CA,"San Francisco-Oakland-Berkeley, CA",2012-11-30,686862.3301
Marin County,CA,"San Francisco-Oakland-Berkeley, CA",2012-12-31,698928.656
Marin County,CA,"San Francisco-Oakland-Berkeley, CA",2013-01-31,713571.4435
Marin County,CA,"San Francisco-Oakland-Berkeley, CA",2013-02-28,725121.9028
Marin County,CA,"San Francisco-Oakland-Berkeley, CA",2013-03-31,734253.8203
Marin County,CA,"San Francisco-Oakland-Berkeley, CA",2013-04-30,741934.4356
Marin County,CA,"San Francisco-Oakland-Berkeley, CA",2013-05-31,752741.939
Marin County,CA,"San Francisco-Oakland-Berkeley, CA",2013-06-30,764925.5301
Marin County,CA,"San Francisco-Oakland-Berkeley, CA",2013-07-31,773207.7814
Marin County,CA,"San Francisco-Oakland-Berkeley, CA",2013-08-31,778836.236
Marin County,CA,"San Francisco-Oakland-Berkeley, CA",2013-09-30,785141.6481
Marin County,CA,"San Francisco-Oakland-Berkeley, CA",2013-10-31,793701.2506
Marin County,CA,"San Francisco-Oakland-Berkeley, CA",2013-11-30,802080.4558
Marin County,CA,"San Francisco-Oakland-Berkeley, CA",2013-12-31,809603.5527
Marin County,CA,"San Francisco-Oakland-Berkeley, CA",2014-01-31,818319.4258
Marin County,CA,"San Francisco-Oakland-Berkeley, CA",2014-02-28,825605.6154
Marin County,CA,"San Francisco-Oakland-Berkeley, CA",2014-03-31,832132.219
Marin County,CA,"San Francisco-Oakland-Berkeley, CA",2014-04-30,838204.0935
Marin County,CA,"San Francisco-Oakland-Berkeley, CA",2014-05-31,845556.8609
Marin County,CA,"San Francisco-Oakland-Berkeley, CA",2014-06-30,850720.2237
Marin County,CA,"San Francisco-Oakland-Berkeley, CA",2014-07-31,850309.1132
Marin County,CA,"San Francisco-Oakland-Berkeley, CA",2014-08-31,849992.5905
Marin County,CA,"San Francisco-Oakland-Berkeley, CA",2014-09-30,854322.1412
Marin County,CA,"San Francisco-Oakland-Berkeley, CA",2014-10-31,863871.6736
Marin County,CA,"San Francisco-Oakland-Berkeley, CA",2014-11-30,875398.2075
Marin County,CA,"San Francisco-Oakland-Berkeley, CA",2014-12-31,885484.0079
Marin County,CA,"San Francisco-Oakland-Berkeley, CA",2015-01-31,896971.6756
Marin County,CA,"San Francisco-Oakland-Berkeley, CA",2015-02-28,908062.7373
Marin County,CA,"San Francisco-Oakland-Berkeley, CA",2015-03-31,918063.5395
Marin County,CA,"San Francisco-Oakland-Berkeley, CA",2015-04-30,926537.9926
Marin County,CA,"San Francisco-Oakland-Berkeley, CA",2015-05-31,934901.8816
Marin County,CA,"San Francisco-Oakland-Berkeley, CA",2015-06-30,942458.6767
Marin County,CA,"San Francisco-Oakland-Berkeley, CA",2015-07-31,945836.5927
Marin County,CA,"San Francisco-Oakland-Berkeley, CA",2015-08-31,948898.5503
Marin County,CA,"San Francisco-Oakland-Berkeley, CA",2015-09-30,955434.8263
Marin County,CA,"San Francisco-Oakland-Berkeley, CA",2015-10-31,966438.5079
Marin County,CA,"San Francisco-Oakland-Berkeley, CA",2015-11-30,977937.9882
Marin County,CA,"San Francisco-Oakland-Berkeley, CA",2015-12-31,987842.9907
Marin County,CA,"San Francisco-Oakland-Berkeley, CA",2016-01-31,1000416.126
Marin County,CA,"San Francisco-Oakland-Berkeley, CA",2016-02-29,1012092.742
Marin County,CA,"San Francisco-Oakland-Berkeley, CA",2016-03-31,1020252.315
Marin County,CA,"San Francisco-Oakland-Berkeley, CA",2016-04-30,1022196.113
Marin County,CA,"San Francisco-Oakland-Berkeley, CA",2016-05-31,1019694.775
Marin County,CA,"San Francisco-Oakland-Berkeley, CA",2016-06-30,1015108.073
Marin County,CA,"San Francisco-Oakland-Berkeley, CA",2016-07-31,1008172.69
Marin County,CA,"San Francisco-Oakland-Berkeley, CA",2016-08-31,1003573.289
Marin County,CA,"San Francisco-Oakland-Berkeley, CA",2016-09-30,1001857.244
Marin County,CA,"San Francisco-Oakland-Berkeley, CA",2016-10-31,1005610.962
Marin County,CA,"San Francisco-Oakland-Berkeley, CA",2016-11-30,1011252.098
Marin County,CA,"San Francisco-Oakland-Berkeley, CA",2016-12-31,1020475.454
Marin County,CA,"San Francisco-Oakland-Berkeley, CA",2017-01-31,1030398.311
Marin County,CA,"San Francisco-Oakland-Berkeley, CA",2017-02-28,1040859.602
Marin County,CA,"San Francisco-Oakland-Berkeley, CA",2017-03-31,1047975.307
Marin County,CA,"San Francisco-Oakland-Berkeley, CA",2017-04-30,1052346.004
Marin County,CA,"San Francisco-Oakland-Berkeley, CA",2017-05-31,1053316.129
Marin County,CA,"San Francisco-Oakland-Berkeley, CA",2017-06-30,1055211.522
Marin County,CA,"San Francisco-Oakland-Berkeley, CA",2017-07-31,1055816.965
Marin County,CA,"San Francisco-Oakland-Berkeley, CA",2017-08-31,1058584.098
Marin County,CA,"San Francisco-Oakland-Berkeley, CA",2017-09-30,1062512.944
Marin County,CA,"San Francisco-Oakland-Berkeley, CA",2017-10-31,1069961.467
Marin County,CA,"San Francisco-Oakland-Berkeley, CA",2017-11-30,1079868.263
Marin County,CA,"San Francisco-Oakland-Berkeley, CA",2017-12-31,1092780.432
Marin County,CA,"San Francisco-Oakland-Berkeley, CA",2018-01-31,1107767.374
Marin County,CA,"San Francisco-Oakland-Berkeley, CA",2018-02-28,1120399.799
Marin County,CA,"San Francisco-Oakland-Berkeley, CA",2018-03-31,1127201.731
Marin County,CA,"San Francisco-Oakland-Berkeley, CA",2018-04-30,1131671.286
Marin County,CA,"San Francisco-Oakland-Berkeley, CA",2018-05-31,1136543.79
Marin County,CA,"San Francisco-Oakland-Berkeley, CA",2018-06-30,1140845.051
Marin County,CA,"San Francisco-Oakland-Berkeley, CA",2018-07-31,1139935.559
Marin County,CA,"San Francisco-Oakland-Berkeley, CA",2018-08-31,1138172.125
Marin County,CA,"San Francisco-Oakland-Berkeley, CA",2018-09-30,1136939.079
Marin County,CA,"San Francisco-Oakland-Berkeley, CA",2018-10-31,1139935.81
Marin County,CA,"San Francisco-Oakland-Berkeley, CA",2018-11-30,1142150.513
Marin County,CA,"San Francisco-Oakland-Berkeley, CA",2018-12-31,1143443.579
Marin County,CA,"San Francisco-Oakland-Berkeley, CA",2019-01-31,1141581.927
Marin County,CA,"San Francisco-Oakland-Berkeley, CA",2019-02-28,1137089.57
Marin County,CA,"San Francisco-Oakland-Berkeley, CA",2019-03-31,1132119.597
Marin County,CA,"San Francisco-Oakland-Berkeley, CA",2019-04-30,1129417.73
Marin County,CA,"San Francisco-Oakland-Berkeley, CA",2019-05-31,1129808.809
Marin County,CA,"San Francisco-Oakland-Berkeley, CA",2019-06-30,1131795.654
Marin County,CA,"San Francisco-Oakland-Berkeley, CA",2019-07-31,1133802.058
Marin County,CA,"San Francisco-Oakland-Berkeley, CA",2019-08-31,1135307.108
Marin County,CA,"San Francisco-Oakland-Berkeley, CA",2019-09-30,1135735.574
Marin County,CA,"San Francisco-Oakland-Berkeley, CA",2019-10-31,1136197.978
Marin County,CA,"San Francisco-Oakland-Berkeley, CA",2019-11-30,1137419.006
Marin County,CA,"San Francisco-Oakland-Berkeley, CA",2019-12-31,1138785.411
Marin County,CA,"San Francisco-Oakland-Berkeley, CA",2020-01-31,1142142.468
Marin County,CA,"San Francisco-Oakland-Berkeley, CA",2020-02-29,1149760.103
Marin County,CA,"San Francisco-Oakland-Berkeley, CA",2020-03-31,1160235.815
Marin County,CA,"San Francisco-Oakland-Berkeley, CA",2020-04-30,1167989.756
Marin County,CA,"San Francisco-Oakland-Berkeley, CA",2020-05-31,1166985.162
Marin County,CA,"San Francisco-Oakland-Berkeley, CA",2020-06-30,1160621.412
Marin County,CA,"San Francisco-Oakland-Berkeley, CA",2020-07-31,1156526.537
Marin County,CA,"San Francisco-Oakland-Berkeley, CA",2020-08-31,1160105.324
Marin County,CA,"San Francisco-Oakland-Berkeley, CA",2020-09-30,1173284.289
Marin County,CA,"San Francisco-Oakland-Berkeley, CA",2020-10-31,1191870.414
Marin County,CA,"San Francisco-Oakland-Berkeley, CA",2020-11-30,1216417.24
Marin County,CA,"San Francisco-Oakland-Berkeley, CA",2020-12-31,1241472.931
Marin County,CA,"San Francisco-Oakland-Berkeley, CA",2021-01-31,1266058.683
Marin County,CA,"San Francisco-Oakland-Berkeley, CA",2021-02-28,1288152.403
Marin County,CA,"San Francisco-Oakland-Berkeley, CA",2021-03-31,1311414.085
Marin County,CA,"San Francisco-Oakland-Berkeley, CA",2021-04-30,1337112.583
Marin County,CA,"San Francisco-Oakland-Berkeley, CA",2021-05-31,1363981.697
Marin County,CA,"San Francisco-Oakland-Berkeley, CA",2021-06-30,1388494.167
Marin County,CA,"San Francisco-Oakland-Berkeley, CA",2021-07-31,1406623.164
Marin County,CA,"San Francisco-Oakland-Berkeley, CA",2021-08-31,1413489.526
Marin County,CA,"San Francisco-Oakland-Berkeley, CA",2021-09-30,1411638.276
Marin County,CA,"San Francisco-Oakland-Berkeley, CA",2021-10-31,1405932.93
Marin County,CA,"San Francisco-Oakland-Berkeley, CA",2021-11-30,1405739.488
Marin County,CA,"San Francisco-Oakland-Berkeley, CA",2021-12-31,1410562.1
Marin County,CA,"San Francisco-Oakland-Berkeley, CA",2022-01-31,1434481.815
Marin County,CA,"San Francisco-Oakland-Berkeley, CA",2022-02-28,1471312.132
Marin County,CA,"San Francisco-Oakland-Berkeley, CA",2022-03-31,1520402.739
Marin County,CA,"San Francisco-Oakland-Berkeley, CA",2022-04-30,1559078.619
Marin County,CA,"San Francisco-Oakland-Berkeley, CA",2022-05-31,1587866.817
Marin County,CA,"San Francisco-Oakland-Berkeley, CA",2022-06-30,1601504.559
Marin County,CA,"San Francisco-Oakland-Berkeley, CA",2022-07-31,1596979.125
Marin County,CA,"San Francisco-Oakland-Berkeley, CA",2022-08-31,1574969.092
Marin County,CA,"San Francisco-Oakland-Berkeley, CA",2022-09-30,1544983.818
Marin County,CA,"San Francisco-Oakland-Berkeley, CA",2022-10-31,1521281.109
Marin County,CA,"San Francisco-Oakland-Berkeley, CA",2022-11-30,1501779.162
Marin County,CA,"San Francisco-Oakland-Berkeley, CA",2022-12-31,1481749.554
Marin County,CA,"San Francisco-Oakland-Berkeley, CA",2023-01-31,1454102.309
Marin County,CA,"San Francisco-Oakland-Berkeley, CA",2023-02-28,1430786.573
Marin County,CA,"San Francisco-Oakland-Berkeley, CA",2023-03-31,1414226.096
Marin County,CA,"San Francisco-Oakland-Berkeley, CA",2023-04-30,1411828.626
Marin County,CA,"San Francisco-Oakland-Berkeley, CA",2023-05-31,1417022.558
Marin County,CA,"San Francisco-Oakland-Berkeley, CA",2023-06-30,1428835.594
Marin County,CA,"San Francisco-Oakland-Berkeley, CA",2023-07-31,1446376.701
Marin County,CA,"San Francisco-Oakland-Berkeley, CA",2023-08-31,1465239.75
Marin County,CA,"San Francisco-Oakland-Berkeley, CA",2023-09-30,1482753.109
Marin County,CA,"San Francisco-Oakland-Berkeley, CA",2023-10-31,1493561.944
Marin County,CA,"San Francisco-Oakland-Berkeley, CA",2023-11-30,1495116.655
Marin County,CA,"San Francisco-Oakland-Berkeley, CA",2023-12-31,1486652.78
Marin County,CA,"San Francisco-Oakland-Berkeley, CA",2024-01-31,1471610.038
Marin County,CA,"San Francisco-Oakland-Berkeley, CA",2024-02-29,1460286.082
Marin County,CA,"San Francisco-Oakland-Berkeley, CA",2024-03-31,1464407.502
Marin County,CA,"San Francisco-Oakland-Berkeley, CA",2024-04-30,1480201.193
Marin County,CA,"San Francisco-Oakland-Berkeley, CA",2024-05-31,1496966.837
Marin County,CA,"San Francisco-Oakland-Berkeley, CA",2024-06-30,1503884.236
Marin County,CA,"San Francisco-Oakland-Berkeley, CA",2024-07-31,1504736.014
Marin County,CA,"San Francisco-Oakland-Berkeley, CA",2024-08-31,1502747.699
Marin County,CA,"San Francisco-Oakland-Berkeley, CA",2024-09-30,1501346.506
Marin County,CA,"San Francisco-Oakland-Berkeley, CA",2024-10-31,1497503.245
Marin County,CA,"San Francisco-Oakland-Berkeley, CA",2024-11-30,1493941.748
Marin County,CA,"San Francisco-Oakland-Berkeley, CA",2024-12-31,1490114.938
Marin County,CA,"San Francisco-Oakland-Berkeley, CA",2025-01-31,1486529.97
Marin County,CA,"San Francisco-Oakland-Berkeley, CA",2025-02-28,1482797.99
Marin County,CA,"San Francisco-Oakland-Berkeley, CA",2025-03-31,1477560.81
Marin County,CA,"San Francisco-Oakland-Berkeley, CA",2025-04-30,1471485.119
Marin County,CA,"San Francisco-Oakland-Berkeley, CA",2025-05-31,1464785.003
Marin County,CA,"San Francisco-Oakland-Berkeley, CA",2025-06-30,1457996.321
Marin County,CA,"San Francisco-Oakland-Berkeley, CA",2025-07-31,1454207.939
Marin County,CA,"San Francisco-Oakland-Berkeley, CA",2025-08-31,1452961.092
Marin County,CA,"San Francisco-Oakland-Berkeley, CA",2025-09-30,1456007.724
Marin County,CA,"San Francisco-Oakland-Berkeley, CA",2025-10-31,1460604.522
Marin County,CA,"San Francisco-Oakland-Berkeley, CA",2025-11-30,1465966.162
Marin County,CA,"San Francisco-Oakland-Berkeley, CA",2025-12-31,1471526.48
Napa County,CA,"Napa, CA",2010-01-31,418696.635
Napa County,CA,"Napa, CA",2010-02-28,416939.6558
Napa County,CA,"Napa, CA",2010-03-31,413323.9754
Napa County,CA,"Napa, CA",2010-04-30,410269.7365
Napa County,CA,"Napa, CA",2010-05-31,407151.3677
Napa County,CA,"Napa, CA",2010-06-30,406223.3911
Napa County,CA,"Napa, CA",2010-07-31,405208.4068
Napa County,CA,"Napa, CA",2010-08-31,408033.0053
Napa County,CA,"Napa, CA",2010-09-30,414273.1015
Napa County,CA,"Napa, CA",2010-10-31,419608.2284
Napa County,CA,"Napa, CA",2010-11-30,421991.4569
Napa County,CA,"Napa, CA",2010-12-31,419946.9467
Napa County,CA,"Napa, CA",2011-01-31,414351.4983
Napa County,CA,"Napa, CA",2011-02-28,407745.2334
Napa County,CA,"Napa, CA",2011-03-31,403608.6197
Napa County,CA,"Napa, CA",2011-04-30,401524.3987
Napa County,CA,"Napa, CA",2011-05-31,399479.6308
Napa County,CA,"Napa, CA",2011-06-30,397249.4657
Napa County,CA,"Napa, CA",2011-07-31,394149.1079
Napa County,CA,"Napa, CA",2011-08-31,388384.7473
Napa County,CA,"Napa, CA",2011-09-30,380027.4832
Napa County,CA,"Napa, CA",2011-10-31,372125.2758
Napa County,CA,"Napa, CA",2011-11-30,367503.5388
Napa County,CA,"Napa, CA",2011-12-31,366989.9567
Napa County,CA,"Napa, CA",2012-01-31,367254.9628
Napa County,CA,"Napa, CA",2012-02-29,367602.5781
Napa County,CA,"Napa, CA",2012-03-31,368385.3675
Napa County,CA,"Napa, CA",2012-04-30,371886.0218
Napa County,CA,"Napa, CA",2012-05-31,376313.7239
Napa County,CA,"Napa, CA",2012-06-30,379654.9052
Napa County,CA,"Napa, CA",2012-07-31,381174.7731
Napa County,CA,"Napa, CA",2012-08-31,383661.8854
Napa County,CA,"Napa, CA",2012-09-30,386842.9686
Napa County,CA,"Napa, CA",2012-10-31,392321.3175
Napa County,CA,"Napa, CA",2012-11-30,398350.348
Napa County,CA,"Napa, CA",2012-12-31,405503.2613
Napa County,CA,"Napa, CA",2013-01-31,411679.6446
Napa County,CA,"Napa, CA",2013-02-28,416728.831
Napa County,CA,"Napa, CA",2013-03-31,422613.5232
Napa County,CA,"Napa, CA",2013-04-30,431294.51
Napa County,CA,"Napa, CA",2013-05-31,442322.4554
Napa County,CA,"Napa, CA",2013-06-30,452948.6815
Napa County,CA,"Napa, CA",2013-07-31,460806.91
Napa County,CA,"Napa, CA",2013-08-31,467757.9691
Napa County,CA,"Napa, CA",2013-09-30,474143.1945
Napa County,CA,"Napa, CA",2013-10-31,481131.3208
Napa County,CA,"Napa, CA",2013-11-30,486832.9548
Napa County,CA,"Napa, CA",2013-12-31,491604.7687
Napa County,CA,"Napa, CA",2014-01-31,495657.647
Napa County,CA,"Napa, CA",2014-02-28,498756.4649
Napa County,CA,"Napa, CA",2014-03-31,502642.2616
Napa County,CA,"Napa, CA",2014-04-30,507334.0688
Napa County,CA,"Napa, CA",2014-05-31,512666.8943
Napa County,CA,"Napa, CA",2014-06-30,516179.1882
Napa County,CA,"Napa, CA",2014-07-31,517601.382
Napa County,CA,"Napa, CA",2014-08-31,519559.151
Napa County,CA,"Napa, CA",2014-09-30,522723.9371
Napa County,CA,"Napa, CA",2014-10-31,527982.4077
Napa County,CA,"Napa, CA",2014-11-30,533129.5407
Napa County,CA,"Napa, CA",2014-12-31,538683.6765
Napa County,CA,"Napa, CA",2015-01-31,543455.7831
Napa County,CA,"Napa, CA",2015-02-28,547581.5463
Napa County,CA,"Napa, CA",2015-03-31,552325.9386
Napa County,CA,"Napa, CA",2015-04-30,557517.6595
Napa County,CA,"Napa, CA",2015-05-31,563282.5318
Napa County,CA,"Napa, CA",2015-06-30,566575.1946
Napa County,CA,"Napa, CA",2015-07-31,567767.3342
Napa County,CA,"Napa, CA",2015-08-31,569975.1066
Napa County,CA,"Napa, CA",2015-09-30,574728.3858
Napa County,CA,"Napa, CA",2015-10-31,582263.3474
Napa County,CA,"Napa, CA",2015-11-30,589327.1552
Napa County,CA,"Napa, CA",2015-12-31,596979.896
Napa County,CA,"Napa, CA",2016-01-31,604586.5557
Napa County,CA,"Napa, CA",2016-02-29,611270.0349
Napa County,CA,"Napa, CA",2016-03-31,615858.265
Napa County,CA,"Napa, CA",2016-04-30,619192.2522
Napa County,CA,"Napa, CA",2016-05-31,622482.7748
Napa County,CA,"Napa, CA",2016-06-30,624698.7668
Napa County,CA,"Napa, CA",2016-07-31,625529.3163
Napa County,CA,"Napa, CA",2016-08-31,625865.9754
Napa County,CA,"Napa, CA",2016-09-30,626820.6255
Napa County,CA,"Napa, CA",2016-10-31,629786.6539
Napa County,CA,"Napa, CA",2016-11-30,634859.1833
Napa County,CA,"Napa, CA",2016-12-31,641109.3577
Napa County,CA,"Napa, CA",2017-01-31,647647.199
Napa County,CA,"Napa, CA",2017-02-28,651496.998
Napa County,CA,"Napa, CA",2017-03-31,655170.3574
Napa County,CA,"Napa, CA",2017-04-30,658437.1393
Napa County,CA,"Napa, CA",2017-05-31,662448.7476
Napa County,CA,"Napa, CA",2017-06-30,665916.1748
Napa County,CA,"Napa, CA",2017-07-31,667737.7078
Napa County,CA,"Napa, CA",2017-08-31,668834.4666
Napa County,CA,"Napa, CA",2017-09-30,669503.4779
Napa County,CA,"Napa, CA",2017-10-31,672084.8755
Napa County,CA,"Napa, CA",2017-11-30,675710.3488
Napa County,CA,"Napa, CA",2017-12-31,681605.4437
Napa County,CA,"Napa, CA",2018-01-31,686900.9533
Napa County,CA,"Napa, CA",2018-02-28,691482.0002
Napa County,CA,"Napa, CA",2018-03-31,693772.3084
Napa County,CA,"Napa, CA",2018-04-30,695758.847
Napa County,CA,"Napa, CA",2018-05-31,699575.1344
Napa County,CA,"Napa, CA",2018-06-30,703004.4393
Napa County,CA,"Napa, CA",2018-07-31,704683.0245
Napa County,CA,"Napa, CA",2018-08-31,704304.3837
Napa County,CA,"Napa, CA",2018-09-30,704555.4497
Napa County,CA,"Napa, CA",2018-10-31,707168.2825
Napa County,CA,"Napa, CA",2018-11-30,709981.5901
Napa County,CA,"Napa, CA",2018-12-31,711666.023
Napa County,CA,"Napa, CA",2019-01-31,713294.6302
Napa County,CA,"Napa, CA",2019-02-28,714411.7952
Napa County,CA,"Napa, CA",2019-03-31,716348.4687
Napa County,CA,"Napa, CA",2019-04-30,717600.7993
Napa County,CA,"Napa, CA",2019-05-31,719147.835
Napa County,CA,"Napa, CA",2019-06-30,720387.602
Napa County,CA,"Napa, CA",2019-07-31,721206.1852
Napa County,CA,"Napa, CA",2019-08-31,722439.2651
Napa County,CA,"Napa, CA",2019-09-30,723917.7114
Napa County,CA,"Napa, CA",2019-10-31,725882.2206
Napa County,CA,"Napa, CA",2019-11-30,727546.5075
Napa County,CA,"Napa, CA",2019-12-31,727989.4407
Napa County,CA,"Napa, CA",2020-01-31,728045.7442
Napa County,CA,"Napa, CA",2020-02-29,729927.4703
Napa County,CA,"Napa, CA",2020-03-31,733514.1842
Napa County,CA,"Napa, CA",2020-04-30,737317.9438
Napa County,CA,"Napa, CA",2020-05-31,737019.632
Napa County,CA,"Napa, CA",2020-06-30,735090.4938
Napa County,CA,"Napa, CA",2020-07-31,732808.3866
Napa County,CA,"Napa, CA",2020-08-31,734734.8145
Napa County,CA,"Napa, CA",2020-09-30,741171.5854
Napa County,CA,"Napa, CA",2020-10-31,751991.8274
Napa County,CA,"Napa, CA",2020-11-30,765156.5273
Napa County,CA,"Napa, CA",2020-12-31,777847.1705
Napa County,CA,"Napa, CA",2021-01-31,788767.0865
Napa County,CA,"Napa, CA",2021-02-28,799370.3096
Napa County,CA,"Napa, CA",2021-03-31,811143.2106
Napa County,CA,"Napa, CA",2021-04-30,823859.2388
Napa County,CA,"Napa, CA",2021-05-31,837897.5005
Napa County,CA,"Napa, CA",2021-06-30,849600.3083
Napa County,CA,"Napa, CA",2021-07-31,859323.321
Napa County,CA,"Napa, CA",2021-08-31,862795.5405
Napa County,CA,"Napa, CA",2021-09-30,863927.5686
Napa County,CA,"Napa, CA",2021-10-31,864212.6131
Napa County,CA,"Napa, CA",2021-11-30,866712.7248
Napa County,CA,"Napa, CA",2021-12-31,870311.3472
Napa County,CA,"Napa, CA",2022-01-31,878710.4217
Napa County,CA,"Napa, CA",2022-02-28,892017.0687
Napa County,CA,"Napa, CA",2022-03-31,912282.6281
Napa County,CA,"Napa, CA",2022-04-30,929422.6719
Napa County,CA,"Napa, CA",2022-05-31,942686.9777
Napa County,CA,"Napa, CA",2022-06-30,946923.2969
Napa County,CA,"Napa, CA",2022-07-31,943817.2887
Napa County,CA,"Napa, CA",2022-08-31,933927.8931
Napa County,CA,"Napa, CA",2022-09-30,921788.0653
Napa County,CA,"Napa, CA",2022-10-31,914396.5064
Napa County,CA,"Napa, CA",2022-11-30,910181.8653
Napa County,CA,"Napa, CA",2022-12-31,906417.2278
Napa County,CA,"Napa, CA",2023-01-31,900492.6451
Napa County,CA,"Napa, CA",2023-02-28,896494.2645
Napa County,CA,"Napa, CA",2023-03-31,896308.107
Napa County,CA,"Napa, CA",2023-04-30,900096.7784
Napa County,CA,"Napa, CA",2023-05-31,904852.6608
Napa County,CA,"Napa, CA",2023-06-30,910855.2358
Napa County,CA,"Napa, CA",2023-07-31,918528.57
Napa County,CA,"Napa, CA",2023-08-31,926462.5922
Napa County,CA,"Napa, CA",2023-09-30,932287.5576
Napa County,CA,"Napa, CA",2023-10-31,934099.7488
Napa County,CA,"Napa, CA",2023-11-30,932730.3869
Napa County,CA,"Napa, CA",2023-12-31,929378.8629
Napa County,CA,"Napa, CA",2024-01-31,924921.4247
Napa County,CA,"Napa, CA",2024-02-29,921507.9901
Napa County,CA,"Napa, CA",2024-03-31,923492.1546
Napa County,CA,"Napa, CA",2024-04-30,929594.0823
Napa County,CA,"Napa, CA",2024-05-31,936061.6995
Napa County,CA,"Napa, CA",2024-06-30,938056.635
Napa County,CA,"Napa, CA",2024-07-31,937962.7767
Napa County,CA,"Napa, CA",2024-08-31,937257.2327
Napa County,CA,"Napa, CA",2024-09-30,935377.028
Napa County,CA,"Napa, CA",2024-10-31,931755.7701
Napa County,CA,"Napa, CA",2024-11-30,928831.323
Napa County,CA,"Napa, CA",2024-12-31,928572.6739
Napa County,CA,"Napa, CA",2025-01-31,929403.856
Napa County,CA,"Napa, CA",2025-02-28,929199.4141
Napa County,CA,"Napa, CA",2025-03-31,927034.0176
Napa County,CA,"Napa, CA",2025-04-30,922964.102
Napa County,CA,"Napa, CA",2025-05-31,917935.536
Napa County,CA,"Napa, CA",2025-06-30,911370.2643
Napa County,CA,"Napa, CA",2025-07-31,905874.9766
Napa County,CA,"Napa, CA",2025-08-31,899548.8029
Napa County,CA,"Napa, CA",2025-09-30,895323.764
Napa County,CA,"Napa, CA",2025-10-31,891769.071
Napa County,CA,"Napa, CA",2025-11-30,891226.2171
Napa County,CA,"Napa, CA",2025-12-31,891621.589
